apiname,displayname,lastrundatetime,lastrunstatus,expression
Prioriza_Melhor_Oferta_Reneg__cio,Prioriza Melhor Oferta Reneg,2025-09-26T06:02:31.000Z,SUCCESS,"SELECT ssot__Individual__dlm.ssot__Id__c as IndividualId__c, first(ssot__Individual__dlm.Codigo_Grupo_Credito__c) as Codigo_Grupo_Credito__c, first(ssot__Individual__dlm.Codigo_Segmento_Conta_Prioritaria__c) as segmento__c, first(sub2.num_dia_atrs__c) as num_dia_atrs__c, first(sub2.faixa_atraso__c) as faixa_atraso__c, first(sub2.cod_prod_limi__c) as cod_prod_limi__c, first(sub2.num_ctrt_clie__c) as num_ctrt_clie__c, first(sub2.id_campanha__c) as id_campanha__c, max(sub2.Date_Add__c) as Date_Add__c, sum(sub2.vlr_liqo_oper_cred_liqu__c) as vlr_tot_atraso__c, max(sub2.vlr_liqo_oper_cred_liqu__c) as vlr_max_atraso__c, count(sub2.IndividualId__c) as qtd_atrasos__c FROM ( SELECT Operacao_Recuperacao_Credito_Cliente__dlm.cod_chav_coro_clie__c as IndividualId__c, Operacao_Recuperacao_Credito_Cliente__dlm.num_dia_atrs__c as num_dia_atrs__c, row_number() over (partition by Operacao_Recuperacao_Credito_Cliente__dlm.cod_chav_coro_clie__c order by Operacao_Recuperacao_Credito_Cliente__dlm.vlr_liqo_oper_cred_liqu__c desc) as rowMaiorVlr__c, row_number() over (partition by Operacao_Recuperacao_Credito_Cliente__dlm.cod_chav_coro_clie__c order by Recuperacao_de_Credito_PF__dlm.Date_Add__c desc) as id_data__c, Recuperacao_de_Credito_PF__dlm.id_campanha__c as id_campanha__c, Recuperacao_de_Credito_PF__dlm.Date_Add__c as Date_Add__c, case when Operacao_Recuperacao_Credito_Cliente__dlm.num_dia_atrs__c &gt;= 0 and Operacao_Recuperacao_Credito_Cliente__dlm.num_dia_atrs__c &lt;= 5 then &#39;0-5&#39; when Operacao_Recuperacao_Credito_Cliente__dlm.num_dia_atrs__c &gt;= 6 and Operacao_Recuperacao_Credito_Cliente__dlm.num_dia_atrs__c &lt;= 14 then &#39;6-14&#39; when Operacao_Recuperacao_Credito_Cliente__dlm.num_dia_atrs__c &gt;= 15 and Operacao_Recuperacao_Credito_Cliente__dlm.num_dia_atrs__c &lt;= 30 then &#39;15-30&#39; when Operacao_Recuperacao_Credito_Cliente__dlm.num_dia_atrs__c &gt;= 31 and Operacao_Recuperacao_Credito_Cliente__dlm.num_dia_atrs__c &lt;= 60 then &#39;31-60&#39; when Operacao_Recuperacao_Credito_Cliente__dlm.num_dia_atrs__c &gt;= 61 and Operacao_Recuperacao_Credito_Cliente__dlm.num_dia_atrs__c &lt;= 90 then &#39;61-90&#39; when Operacao_Recuperacao_Credito_Cliente__dlm.num_dia_atrs__c &gt;= 91 and Operacao_Recuperacao_Credito_Cliente__dlm.num_dia_atrs__c &lt;= 120 then &#39;91-120&#39; when Operacao_Recuperacao_Credito_Cliente__dlm.num_dia_atrs__c &gt;= 121 and Operacao_Recuperacao_Credito_Cliente__dlm.num_dia_atrs__c &lt;= 150 then &#39;121-150&#39; when Operacao_Recuperacao_Credito_Cliente__dlm.num_dia_atrs__c &gt;= 151 and Operacao_Recuperacao_Credito_Cliente__dlm.num_dia_atrs__c &lt;= 180 then &#39;151-180&#39; when Operacao_Recuperacao_Credito_Cliente__dlm.num_dia_atrs__c &gt;= 181 and Operacao_Recuperacao_Credito_Cliente__dlm.num_dia_atrs__c &lt;= 210 then &#39;181-210&#39; when Operacao_Recuperacao_Credito_Cliente__dlm.num_dia_atrs__c &gt;= 211 and Operacao_Recuperacao_Credito_Cliente__dlm.num_dia_atrs__c &lt;= 240 then &#39;211-240&#39; when Operacao_Recuperacao_Credito_Cliente__dlm.num_dia_atrs__c &gt;= 241 and Operacao_Recuperacao_Credito_Cliente__dlm.num_dia_atrs__c &lt;= 270 then &#39;241-270&#39; when Operacao_Recuperacao_Credito_Cliente__dlm.num_dia_atrs__c &gt;= 271 and Operacao_Recuperacao_Credito_Cliente__dlm.num_dia_atrs__c &lt;= 300 then &#39;271-300&#39; when Operacao_Recuperacao_Credito_Cliente__dlm.num_dia_atrs__c &gt;= 301 and Operacao_Recuperacao_Credito_Cliente__dlm.num_dia_atrs__c &lt;= 330 then &#39;301-330&#39; when Operacao_Recuperacao_Credito_Cliente__dlm.num_dia_atrs__c &gt;= 331 and Operacao_Recuperacao_Credito_Cliente__dlm.num_dia_atrs__c &lt;= 360 then &#39;331-360&#39; when Operacao_Recuperacao_Credito_Cliente__dlm.num_dia_atrs__c &gt; 360 then &#39;&gt;360&#39; else &#39;outro&#39; end as faixa_atraso__c, Operacao_Recuperacao_Credito_Cliente__dlm.num_ctrt_clie__c as num_ctrt_clie__c, Operacao_Recuperacao_Credito_Cliente__dlm.cod_prod_limi__c as cod_prod_limi__c, Operacao_Recuperacao_Credito_Cliente__dlm.vlr_liqo_oper_cred_liqu__c as vlr_liqo_oper_cred_liqu__c FROM Operacao_Recuperacao_Credito_Cliente__dlm LEFT JOIN Recuperacao_de_Credito_PF__dlm ON Recuperacao_de_Credito_PF__dlm.cod_chav_coro_clie__c = Operacao_Recuperacao_Credito_Cliente__dlm.cod_chav_coro_clie__c WHERE Operacao_Recuperacao_Credito_Cliente__dlm.Nome_Origem_Dado__c = &#39;Origem Itaú&#39; AND Operacao_Recuperacao_Credito_Cliente__dlm.num_dia_atrs__c &gt; 0 ) as sub2 INNER JOIN ssot__Individual__dlm ON (sub2.IndividualId__c = ssot__Individual__dlm.ssot__Id__c) where ssot__Individual__dlm.Codigo_Tipo_Pessoa__c = &#39;F&#39; and sub2.rowMaiorVlr__c = 1 and sub2.id_data__c = 1 GROUP BY IndividualId__c"
Base_Origem_Reneg__cio,Base Origem Reneg,,NONE,"SELECT ssot__Individual__dlm.ssot__Id__c as IndividualId__c, first(ssot__Individual__dlm.Codigo_Grupo_Credito__c) as Codigo_Grupo_Credito__c, first(mode_info_digl_pfis_a__dlm.qtd_dia_aces_digl_medi_3_mes__c) as qtd_dia_aces_digl_medi_3_mes__c, first(mode_info_digl_pfis_a__dlm.qtd_dia_aces_fiso__c) as qtd_dia_aces_fiso__c, first(ssot__Individual__dlm.Codigo_Segmento_Conta_Prioritaria__c) as segmento__c, sum( case when Instala_o_Aplicativo_Dispositivo_M_vel__dlm.cod_grup_apla_movl__c in (&#39;ITAU&#39;, &#39;PERSON&#39;) then 1 else 0 end ) as optout_push__c, first(sub2.num_dia_atrs__c) as num_dia_atrs__c, first(sub2.faixa_atraso__c) as faixa_atraso__c, first(sub2.cod_prod_limi__c) as cod_prod_limi__c, first(sub2.num_ctrt_clie__c) as num_ctrt_clie__c, max(sub2.ind_baix_oper__c) as ind_baix_oper__c, sum(sub2.vlr_liqo_oper_cred_liqu__c) as vlr_tot_atraso__c, max(sub2.vlr_liqo_oper_cred_liqu__c) as vlr_max_atraso__c, count(sub2.IndividualId__c) as qtd_atrasos__c , max(sub3.promessa__c) as promessa__c FROM ( SELECT Operacao_Recuperacao_Credito_Cliente__dlm.cod_chav_coro_clie__c as IndividualId__c, Operacao_Recuperacao_Credito_Cliente__dlm.num_dia_atrs__c as num_dia_atrs__c, row_number() over (partition by Operacao_Recuperacao_Credito_Cliente__dlm.cod_chav_coro_clie__c order by Operacao_Recuperacao_Credito_Cliente__dlm.num_dia_atrs__c desc) as rowMaiorAtraso__c, case when Operacao_Recuperacao_Credito_Cliente__dlm.num_dia_atrs__c &gt;= 0 and Operacao_Recuperacao_Credito_Cliente__dlm.num_dia_atrs__c &lt;= 5 then &#39;0-5&#39; when Operacao_Recuperacao_Credito_Cliente__dlm.num_dia_atrs__c &gt;= 6 and Operacao_Recuperacao_Credito_Cliente__dlm.num_dia_atrs__c &lt;= 14 then &#39;6-14&#39; when Operacao_Recuperacao_Credito_Cliente__dlm.num_dia_atrs__c &gt;= 15 and Operacao_Recuperacao_Credito_Cliente__dlm.num_dia_atrs__c &lt;= 30 then &#39;15-30&#39; when Operacao_Recuperacao_Credito_Cliente__dlm.num_dia_atrs__c &gt;= 31 and Operacao_Recuperacao_Credito_Cliente__dlm.num_dia_atrs__c &lt;= 60 then &#39;31-60&#39; when Operacao_Recuperacao_Credito_Cliente__dlm.num_dia_atrs__c &gt;= 61 and Operacao_Recuperacao_Credito_Cliente__dlm.num_dia_atrs__c &lt;= 90 then &#39;61-90&#39; when Operacao_Recuperacao_Credito_Cliente__dlm.num_dia_atrs__c &gt;= 91 and Operacao_Recuperacao_Credito_Cliente__dlm.num_dia_atrs__c &lt;= 120 then &#39;91-120&#39; when Operacao_Recuperacao_Credito_Cliente__dlm.num_dia_atrs__c &gt;= 121 and Operacao_Recuperacao_Credito_Cliente__dlm.num_dia_atrs__c &lt;= 150 then &#39;121-150&#39; when Operacao_Recuperacao_Credito_Cliente__dlm.num_dia_atrs__c &gt;= 151 and Operacao_Recuperacao_Credito_Cliente__dlm.num_dia_atrs__c &lt;= 180 then &#39;151-180&#39; when Operacao_Recuperacao_Credito_Cliente__dlm.num_dia_atrs__c &gt;= 181 and Operacao_Recuperacao_Credito_Cliente__dlm.num_dia_atrs__c &lt;= 210 then &#39;181-210&#39; when Operacao_Recuperacao_Credito_Cliente__dlm.num_dia_atrs__c &gt;= 211 and Operacao_Recuperacao_Credito_Cliente__dlm.num_dia_atrs__c &lt;= 240 then &#39;211-240&#39; when Operacao_Recuperacao_Credito_Cliente__dlm.num_dia_atrs__c &gt;= 241 and Operacao_Recuperacao_Credito_Cliente__dlm.num_dia_atrs__c &lt;= 270 then &#39;241-270&#39; when Operacao_Recuperacao_Credito_Cliente__dlm.num_dia_atrs__c &gt;= 271 and Operacao_Recuperacao_Credito_Cliente__dlm.num_dia_atrs__c &lt;= 300 then &#39;271-300&#39; when Operacao_Recuperacao_Credito_Cliente__dlm.num_dia_atrs__c &gt;= 301 and Operacao_Recuperacao_Credito_Cliente__dlm.num_dia_atrs__c &lt;= 330 then &#39;301-330&#39; when Operacao_Recuperacao_Credito_Cliente__dlm.num_dia_atrs__c &gt;= 331 and Operacao_Recuperacao_Credito_Cliente__dlm.num_dia_atrs__c &lt;= 360 then &#39;331-360&#39; when Operacao_Recuperacao_Credito_Cliente__dlm.num_dia_atrs__c &gt; 360 then &#39;&gt;360&#39; else &#39;outro&#39; end as faixa_atraso__c, Operacao_Recuperacao_Credito_Cliente__dlm.num_ctrt_clie__c as num_ctrt_clie__c, Operacao_Recuperacao_Credito_Cliente__dlm.cod_prod_limi__c as cod_prod_limi__c, Operacao_Recuperacao_Credito_Cliente__dlm.vlr_liqo_oper_cred_liqu__c as vlr_liqo_oper_cred_liqu__c, case when Operacao_Recuperacao_Credito_Cliente__dlm.dat_baix_oper__c is not null then 1 else 0 end as ind_baix_oper__c FROM Operacao_Recuperacao_Credito_Cliente__dlm WHERE Operacao_Recuperacao_Credito_Cliente__dlm.Nome_Origem_Dado__c = &#39;Origem Itaú&#39; ) as sub2 LEFT JOIN mode_info_digl_pfis_a__dlm ON (sub2.IndividualId__c = mode_info_digl_pfis_a__dlm.cod_chav_coro_clie__c) LEFT JOIN Instala_o_Aplicativo_Dispositivo_M_vel__dlm ON (sub2.IndividualId__c = Instala_o_Aplicativo_Dispositivo_M_vel__dlm.cod_chav_coro_clie__c) LEFT JOIN ( SELECT Promessas_Op_Recuperacao_Credito_Cli__dlm.cod_chav_coro_clie__c AS cod_chav_coro_clie__c, CASE WHEN datediff(Promessas_Op_Recuperacao_Credito_Cli__dlm.dat_vcto_titl__c, CURRENT_DATE()) &gt; -15 THEN 1 ELSE 0 END AS promessa__c FROM Promessas_Op_Recuperacao_Credito_Cli__dlm ) as sub3 ON sub2.IndividualId__c = sub3.cod_chav_coro_clie__c INNER JOIN ssot__Individual__dlm ON (sub2.IndividualId__c = ssot__Individual__dlm.ssot__Id__c) where ssot__Individual__dlm.Codigo_Tipo_Pessoa__c = &#39;F&#39; and sub2.rowMaiorAtraso__c = 1 GROUP BY IndividualId__c"
Agregacao_PURC_V2__cio,Agregacao_PURC_V2,2025-09-26T17:14:57.000Z,SUCCESS,"SELECT COUNT(PJ_Recuperacao_de_Credito__dlm.codigo_cliente_itau_unibanco__c) AS count_cod_chave_coro_clie__c, PJ_Recuperacao_de_Credito__dlm.id_campanha__c AS codigo_campanha__c, DATE_TRUNC(&#39;day&#39;, PJ_Recuperacao_de_Credito__dlm.Date_Add__c) AS date_add__c FROM PJ_Recuperacao_de_Credito__dlm GROUP BY codigo_campanha__c, DATE_TRUNC(&#39;day&#39;, PJ_Recuperacao_de_Credito__dlm.Date_Add__c)"
Data_Simulacao_Iti_PJ__cio,Data Simulacao Iti PJ,2025-09-26T19:26:06.000Z,SUCCESS,"SELECT ssot__Individual__dlm.ssot__Id__c as IndividualId__c, MAX(Simulacao_Carrinho_Abandonado_Alter__dlm.dat_simu__c) as DatSimu__c, COUNT(ssot__Individual__dlm.ssot__Id__c) as RowCount__c FROM Simulacao_Carrinho_Abandonado_Alter__dlm INNER JOIN ssot__Individual__dlm ON (Simulacao_Carrinho_Abandonado_Alter__dlm.cod_chav_coro_clie__c = ssot__Individual__dlm.ssot__Id__c) WHERE Simulacao_Carrinho_Abandonado_Alter__dlm.nom_prod_crho_aban__c = &quot;iti&quot; AND Simulacao_Carrinho_Abandonado_Alter__dlm.Nome_Subproduto_Carrinho_Abandono__c = &quot;ACQUIRER&quot; GROUP BY IndividualId__c"
Data_Proposta_Cartao__cio,Data Proposta Cartao,2025-09-26T19:26:06.000Z,SUCCESS,"SELECT ssot__Individual__dlm.ssot__Id__c as IndividualId__c, MAX( Proposta_Cartao_Credito__dlm.dat_cada_prpt__c ) as DatProp__c, COUNT( Proposta_Cartao_Credito__dlm.Id__c ) as RowCount__c FROM Proposta_Cartao_Credito__dlm INNER JOIN ssot__Individual__dlm ON (Proposta_Cartao_Credito__dlm.cod_chav_coro_clie__c = ssot__Individual__dlm.ssot__Id__c) GROUP BY IndividualId__c"
Origem_Reneg_Atraso_Mais_Longo__cio,Origem Reneg Atraso Mais Longo,2025-09-26T07:12:34.000Z,SUCCESS,"SELECT ssot__Individual__dlm.ssot__Id__c as IndividualId__c, first(ssot__Individual__dlm.Codigo_Grupo_Credito__c) as Codigo_Grupo_Credito__c, first(ssot__Individual__dlm.Codigo_Segmento_Conta_Prioritaria__c) as segmento__c, first(sub2.num_dia_atrs__c) as num_dia_atrs__c, first(sub2.faixa_atraso__c) as faixa_atraso__c, first(sub2.cod_prod_limi__c) as cod_prod_limi__c, first(sub2.num_ctrt_clie__c) as num_ctrt_clie__c, sum(sub2.vlr_liqo_oper_cred_liqu__c) as vlr_tot_atraso__c, max(sub2.vlr_liqo_oper_cred_liqu__c) as vlr_max_atraso__c, count(sub2.IndividualId__c) as qtd_atrasos__c FROM ( SELECT Operacao_Recuperacao_Credito_Cliente__dlm.cod_chav_coro_clie__c as IndividualId__c, Operacao_Recuperacao_Credito_Cliente__dlm.num_dia_atrs__c as num_dia_atrs__c, row_number() over (partition by Operacao_Recuperacao_Credito_Cliente__dlm.cod_chav_coro_clie__c order by Operacao_Recuperacao_Credito_Cliente__dlm.num_dia_atrs__c desc) as rowMaiorVlr__c, case when Operacao_Recuperacao_Credito_Cliente__dlm.num_dia_atrs__c &gt;= 0 and Operacao_Recuperacao_Credito_Cliente__dlm.num_dia_atrs__c &lt;= 5 then &#39;0-5&#39; when Operacao_Recuperacao_Credito_Cliente__dlm.num_dia_atrs__c &gt;= 6 and Operacao_Recuperacao_Credito_Cliente__dlm.num_dia_atrs__c &lt;= 14 then &#39;6-14&#39; when Operacao_Recuperacao_Credito_Cliente__dlm.num_dia_atrs__c &gt;= 15 and Operacao_Recuperacao_Credito_Cliente__dlm.num_dia_atrs__c &lt;= 30 then &#39;15-30&#39; when Operacao_Recuperacao_Credito_Cliente__dlm.num_dia_atrs__c &gt;= 31 and Operacao_Recuperacao_Credito_Cliente__dlm.num_dia_atrs__c &lt;= 60 then &#39;31-60&#39; when Operacao_Recuperacao_Credito_Cliente__dlm.num_dia_atrs__c &gt;= 61 and Operacao_Recuperacao_Credito_Cliente__dlm.num_dia_atrs__c &lt;= 90 then &#39;61-90&#39; when Operacao_Recuperacao_Credito_Cliente__dlm.num_dia_atrs__c &gt;= 91 and Operacao_Recuperacao_Credito_Cliente__dlm.num_dia_atrs__c &lt;= 120 then &#39;91-120&#39; when Operacao_Recuperacao_Credito_Cliente__dlm.num_dia_atrs__c &gt;= 121 and Operacao_Recuperacao_Credito_Cliente__dlm.num_dia_atrs__c &lt;= 150 then &#39;121-150&#39; when Operacao_Recuperacao_Credito_Cliente__dlm.num_dia_atrs__c &gt;= 151 and Operacao_Recuperacao_Credito_Cliente__dlm.num_dia_atrs__c &lt;= 180 then &#39;151-180&#39; when Operacao_Recuperacao_Credito_Cliente__dlm.num_dia_atrs__c &gt;= 181 and Operacao_Recuperacao_Credito_Cliente__dlm.num_dia_atrs__c &lt;= 210 then &#39;181-210&#39; when Operacao_Recuperacao_Credito_Cliente__dlm.num_dia_atrs__c &gt;= 211 and Operacao_Recuperacao_Credito_Cliente__dlm.num_dia_atrs__c &lt;= 240 then &#39;211-240&#39; when Operacao_Recuperacao_Credito_Cliente__dlm.num_dia_atrs__c &gt;= 241 and Operacao_Recuperacao_Credito_Cliente__dlm.num_dia_atrs__c &lt;= 270 then &#39;241-270&#39; when Operacao_Recuperacao_Credito_Cliente__dlm.num_dia_atrs__c &gt;= 271 and Operacao_Recuperacao_Credito_Cliente__dlm.num_dia_atrs__c &lt;= 300 then &#39;271-300&#39; when Operacao_Recuperacao_Credito_Cliente__dlm.num_dia_atrs__c &gt;= 301 and Operacao_Recuperacao_Credito_Cliente__dlm.num_dia_atrs__c &lt;= 330 then &#39;301-330&#39; when Operacao_Recuperacao_Credito_Cliente__dlm.num_dia_atrs__c &gt;= 331 and Operacao_Recuperacao_Credito_Cliente__dlm.num_dia_atrs__c &lt;= 360 then &#39;331-360&#39; when Operacao_Recuperacao_Credito_Cliente__dlm.num_dia_atrs__c &gt; 360 then &#39;&gt;360&#39; else &#39;outro&#39; end as faixa_atraso__c, Operacao_Recuperacao_Credito_Cliente__dlm.num_ctrt_clie__c as num_ctrt_clie__c, Operacao_Recuperacao_Credito_Cliente__dlm.cod_prod_limi__c as cod_prod_limi__c, Operacao_Recuperacao_Credito_Cliente__dlm.vlr_liqo_oper_cred_liqu__c as vlr_liqo_oper_cred_liqu__c FROM Operacao_Recuperacao_Credito_Cliente__dlm WHERE Operacao_Recuperacao_Credito_Cliente__dlm.Nome_Origem_Dado__c = &#39;Origem Itaú&#39; AND Operacao_Recuperacao_Credito_Cliente__dlm.num_dia_atrs__c &gt; 0 ) as sub2 INNER JOIN ssot__Individual__dlm ON (sub2.IndividualId__c = ssot__Individual__dlm.ssot__Id__c) where ssot__Individual__dlm.Codigo_Tipo_Pessoa__c = &#39;F&#39; and sub2.rowMaiorVlr__c = 1 GROUP BY IndividualId__c"
Data_Simulacao_Reneg__cio,Data Simulacao Reneg,2025-09-26T19:26:06.000Z,SUCCESS,"SELECT ssot__Individual__dlm.ssot__Id__c as IndividualId__c, Simulacao_Carrinho_Abandonado_Alter__dlm.dat_simu__c as DatSimu__c, Simulacao_Carrinho_Abandonado_Alter__dlm.nom_plat_rlzd_simu__c as CanalSimu__c, SUM( CASE WHEN Simulacao_Carrinho_Abandonado_Alter__dlm.ind_simu_aban__c = &#39;1&#39; THEN 1 END ) as IndAbandonoReneg__c, SUM( CASE WHEN Simulacao_Carrinho_Abandonado_Alter__dlm.ind_simu_aban__c = &#39;0&#39; THEN 1 END ) as IndPromessaReneg__c, MAX( Simulacao_Carrinho_Abandonado_Alter__dlm.dat_simu__c ) as DatSimuReneg__c, COUNT( Simulacao_Carrinho_Abandonado_Alter__dlm.Id__c ) as RowCount__c FROM Simulacao_Carrinho_Abandonado_Alter__dlm INNER JOIN ssot__Individual__dlm ON (Simulacao_Carrinho_Abandonado_Alter__dlm.cod_chav_coro_clie__c = ssot__Individual__dlm.ssot__Id__c) WHERE Simulacao_Carrinho_Abandonado_Alter__dlm.nom_prod_crho_aban__c = &#39;Renegociação&#39; GROUP BY IndividualId__c, DatSimu__c, CanalSimu__c"
Eligibilidade_Emissao_Pix_Conta_Corrente__cio,Eligibilidade Emissao Pix Conta Corrente,2025-09-26T22:30:04.000Z,SUCCESS,"SELECT TBFS4ME_CADA_CONT_CORE_CLIE__dlm.id__c AS Chave_Conta_Corrente__c ,SUM(CASE WHEN Tabela_Cliente_Rocket__dlm.des_pubi__c = &#39;cd5_lista_cliente_sele_pix_cada&#39; THEN 1 ELSE 0 END) AS qtd_trsf_empr_cada__c ,SUM(CASE WHEN Tabela_Cliente_Rocket__dlm.des_pubi__c = &#39;cd5_lista_cliente_sele_pix_scada&#39; THEN 1 ELSE 0 END) AS qtd_trsf_empr_nao_cada__c FROM Pagamento_PIX_Emissao__dlm LEFT JOIN Tabela_Cliente_Rocket__dlm ON (Pagamento_PIX_Emissao__dlm.cod_chav_coro_clie_dstn__c = Tabela_Cliente_Rocket__dlm.cod_chav_coro_clie__c) INNER JOIN TBFS4ME_CADA_CONT_CORE_CLIE__dlm ON (TBFS4ME_CADA_CONT_CORE_CLIE__dlm.id__c = Pagamento_PIX_Emissao__dlm.Codigo_Chave_Conta_Corrente_Origem__c) WHERE Tabela_Cliente_Rocket__dlm.des_pubi__c = &#39;cd5_lista_cliente_sele_pix_cada&#39; OR Tabela_Cliente_Rocket__dlm.des_pubi__c = &#39;cd5_lista_cliente_sele_pix_scada&#39; GROUP BY TBFS4ME_CADA_CONT_CORE_CLIE__dlm.id__c"
Data_Simulacao_Iti__cio,Data Simulacao Iti,2025-09-26T19:26:06.000Z,SUCCESS,"SELECT ssot__Individual__dlm.ssot__Id__c as IndividualId__c, MAX(Simulacao_Carrinho_Abandonado_Alter__dlm.dat_simu__c) as DatSimu__c, COUNT(ssot__Individual__dlm.ssot__Id__c) as RowCount__c FROM Simulacao_Carrinho_Abandonado_Alter__dlm INNER JOIN ssot__Individual__dlm ON (Simulacao_Carrinho_Abandonado_Alter__dlm.cod_chav_coro_clie__c = ssot__Individual__dlm.ssot__Id__c) WHERE Simulacao_Carrinho_Abandonado_Alter__dlm.nom_prod_crho_aban__c = &quot;iti&quot; AND Simulacao_Carrinho_Abandonado_Alter__dlm.Nome_Subproduto_Carrinho_Abandono__c = &quot;ACCOUNT&quot; GROUP BY IndividualId__c"
marcacao_produtos_1402__cio,marcacao_produtos_1402,,NONE,"SELECT COUNT(Centralizador_Oferta_Pessoa_Juridica__dlm.des_prod__c) AS count_produto__c, Centralizador_Oferta_Pessoa_Juridica__dlm.des_prod__c AS produtos__c, tbhf9me_sper_cada_pess_juri__dlm.cod_chav_coro_clie__c AS id_cliente__c, tbhf9me_sper_cada_pess_juri__dlm.des_sgto_vare__c AS segmento__c FROM tbhf9me_sper_cada_pess_juri__dlm FULL OUTER JOIN Centralizador_Oferta_Pessoa_Juridica__dlm ON (tbhf9me_sper_cada_pess_juri__dlm.cod_chav_coro_clie__c = Centralizador_Oferta_Pessoa_Juridica__dlm.cod_chav_coro_clie__c AND tbhf9me_sper_cada_pess_juri__dlm.KQ_cod_chav_coro_clie__c = Centralizador_Oferta_Pessoa_Juridica__dlm.KQ_cod_chav_coro_clie__c) WHERE ( tbhf9me_sper_cada_pess_juri__dlm.des_sgto_vare__c = &#39;PRO&#39; AND Centralizador_Oferta_Pessoa_Juridica__dlm.des_prod__c = &#39;giro&#39; AND Centralizador_Oferta_Pessoa_Juridica__dlm.des_prod__c = &#39;cg&#39; ) GROUP BY produtos__c, id_cliente__c, segmento__c"
Eligibilidade_Emissao_Pix__cio,Eligibilidade Emissao Pix,2025-09-26T22:01:42.000Z,SUCCESS,"SELECT ssot__Individual__dlm.ssot__Id__c AS cod_chav_coro_clie_orig__c ,SUM(CASE WHEN Tabela_Cliente_Rocket__dlm.des_pubi__c = &#39;cd5_lista_cliente_sele_pix_cada&#39; THEN 1 ELSE 0 END) AS qtd_trsf_empr_cada__c ,SUM(CASE WHEN Tabela_Cliente_Rocket__dlm.des_pubi__c = &#39;cd5_lista_cliente_sele_pix_scada&#39; THEN 1 ELSE 0 END) AS qtd_trsf_empr_nao_cada__c FROM Pagamento_PIX_Emissao__dlm LEFT JOIN Tabela_Cliente_Rocket__dlm ON (Pagamento_PIX_Emissao__dlm.cod_chav_coro_clie_dstn__c = Tabela_Cliente_Rocket__dlm.cod_chav_coro_clie__c) INNER JOIN ssot__Individual__dlm ON Pagamento_PIX_Emissao__dlm.cod_chav_coro_clie_orig__c = ssot__Individual__dlm.ssot__Id__c WHERE Tabela_Cliente_Rocket__dlm.des_pubi__c = &#39;cd5_lista_cliente_sele_pix_cada&#39; OR Tabela_Cliente_Rocket__dlm.des_pubi__c = &#39;cd5_lista_cliente_sele_pix_scada&#39; GROUP BY cod_chav_coro_clie_orig__c"
Agregacao_PURC__cio,Agregacao_PURC,,NONE,"SELECT COUNT(PJ_Recuperacao_de_Credito__dlm.codigo_cliente_itau_unibanco__c) AS count_cod_chave_coro_clie__c, PJ_Recuperacao_de_Credito__dlm.id_campanha__c AS codigo_campanha__c, PJ_Recuperacao_de_Credito__dlm.Date_Add__c AS date_add__c FROM PJ_Recuperacao_de_Credito__dlm GROUP BY codigo_campanha__c, date_add__c"
marcacao_produtos_18021030__cio,marcacao_produtos_18021030,,NONE,"SELECT TBFS4ME_CADA_CONT_CORE_CLIE__dlm.Chave_Conta_Corrente__c AS chave_conta__c, ssot__Individual__dlm.ssot__Id__c AS id_individual__c, Centralizador_Oferta_Pessoa_Juridica__dlm.des_prod__c AS desc_produto__c, TBFS4ME_CADA_CONT_CORE_CLIE__dlm.cod_chav_coro_clie__c AS cod_chave_conta__c, COUNT(Centralizador_Oferta_Pessoa_Juridica__dlm.des_prod__c) AS desc_cont_prod__c, DENSE_RANK() OVER (ORDER BY COUNT(Centralizador_Oferta_Pessoa_Juridica__dlm.des_prod__c)) AS produto_numero__c FROM TBFS4ME_CADA_CONT_CORE_CLIE__dlm INNER JOIN ssot__Individual__dlm ON TBFS4ME_CADA_CONT_CORE_CLIE__dlm.cod_chav_coro_clie__c = ssot__Individual__dlm.ssot__Id__c INNER JOIN Centralizador_Oferta_Pessoa_Juridica__dlm ON ssot__Individual__dlm.ssot__Id__c = Centralizador_Oferta_Pessoa_Juridica__dlm.cod_chav_coro_clie__c GROUP BY TBFS4ME_CADA_CONT_CORE_CLIE__dlm.Chave_Conta_Corrente__c, ssot__Individual__dlm.ssot__Id__c, Centralizador_Oferta_Pessoa_Juridica__dlm.des_prod__c, TBFS4ME_CADA_CONT_CORE_CLIE__dlm.cod_chav_coro_clie__c"
Eligibilidade_Emissao_Pix_Test__cio,Eligibilidade Emissao Pix Test,2025-09-26T15:30:41.000Z,SUCCESS,"SELECT ssot__Individual__dlm.ssot__Id__c AS cod_chav_coro_clie_orig__c ,SUM(CASE WHEN Tabela_Cliente_Rocket__dlm.des_pubi__c = &#39;cd5_lista_cliente_sele_pix_cad&#39; THEN 1 ELSE 0 END) AS qtd_trsf_empr_cada__c ,SUM(CASE WHEN Tabela_Cliente_Rocket__dlm.des_pubi__c = &#39;cd5_lista_cliente_sele_pix_scad&#39; THEN 1 ELSE 0 END) AS qtd_trsf_empr_nao_cada__c FROM Pagamento_PIX_Emissao__dlm LEFT JOIN Tabela_Cliente_Rocket__dlm ON (Pagamento_PIX_Emissao__dlm.cod_chav_coro_clie_dstn__c = Tabela_Cliente_Rocket__dlm.cod_chav_coro_clie__c) INNER JOIN ssot__Individual__dlm ON Pagamento_PIX_Emissao__dlm.cod_chav_coro_clie_orig__c = ssot__Individual__dlm.ssot__Id__c WHERE Tabela_Cliente_Rocket__dlm.des_pubi__c = &#39;cd5_lista_cliente_sele_pix_cad&#39; OR Tabela_Cliente_Rocket__dlm.des_pubi__c = &#39;cd5_lista_cliente_sele_pix_scad&#39; GROUP BY cod_chav_coro_clie_orig__c"
Criterio_Saida_Renegociacao__cio,Criterio Saida Renegociacao,2025-09-26T06:02:31.000Z,SUCCESS,"SELECT ssot__Individual__dlm.ssot__Id__c AS IdPessoa__c, MAX(sub1.promessa__c) AS promessa__c, MAX(sub1.regularizado__c) AS regularizado__c FROM (SELECT ssot__Individual__dlm.IdPessoa__c AS IdPessoa__c, CASE WHEN ssot__Individual__dlm.IdPessoa__c = Promessas_Op_Recuperacao_Credito_Cli__dlm.cod_chav_coro_clie__c AND datediff(Promessas_Op_Recuperacao_Credito_Cli__dlm.dat_vcto_titl__c, CURRENT_DATE()) &gt; -15 THEN 1 ELSE 0 END AS promessa__c, CASE WHEN ssot__Individual__dlm.IdPessoa__c = Operacao_Recuperacao_Credito_Cliente__dlm.cod_chav_coro_clie__c AND Operacao_Recuperacao_Credito_Cliente__dlm.Data_Baixa_Operacao__c &gt; 0 THEN 1 ELSE 0 END AS regularizado__c FROM ssot__Individual__dlm LEFT JOIN Promessas_Op_Recuperacao_Credito_Cli__dlm ON ssot__Individual__dlm.IdPessoa__c = Promessas_Op_Recuperacao_Credito_Cli__dlm.cod_chav_coro_clie__c LEFT JOIN Operacao_Recuperacao_Credito_Cliente__dlm ON ssot__Individual__dlm.IdPessoa__c = Operacao_Recuperacao_Credito_Cliente__dlm.cod_chav_coro_clie__c) AS sub1 INNER JOIN ssot__Individual__dlm ON sub1.IdPessoa__c = ssot__Individual__dlm.ssot__Id__c WHERE sub1.promessa__c = 1 OR sub1.regularizado__c = 1 GROUP BY IdPessoa__c"
Elegibilidade_Ps_Venda_e_Relacionamento__cio,Elegibilidade Pós Venda e Relacionamento,2025-09-26T19:26:06.000Z,SUCCESS,"SELECT Cadastro_Cartao_de_Credito__dlm.id__c AS cartao_credito__c, COUNT(Cadastro_Cartao_de_Credito__dlm.id__c) AS elegibilidade_carto__c FROM Cadastro_Cartao_de_Credito__dlm WHERE Cadastro_Cartao_de_Credito__dlm.ind_tipo_bloq_crto__c = &#39;&#39; AND Cadastro_Cartao_de_Credito__dlm.ind_titr_ccre__c = &#39;0&#39; AND Cadastro_Cartao_de_Credito__dlm.cod_chav_coro_clie__c IN (SELECT ssot__Individual__dlm.ssot__Id__c as chav3 FROM ssot__Individual__dlm WHERE ssot__Individual__dlm.Indicador_Gest_o_Ativa__c = &#39;0&#39; ) AND Cadastro_Cartao_de_Credito__dlm.cod_chav_coro_clie__c NOT IN (SELECT ssot__Individual__dlm.ssot__Id__c as chave3 FROM ssot__Individual__dlm WHERE ssot__Individual__dlm.Descrio_Vulnerabilidade__c = &#39;Alto&#39; OR ssot__Individual__dlm.Descrio_Vulnerabilidade__c = &#39;Muito Alto&#39;) AND Cadastro_Cartao_de_Credito__dlm.cod_chav_coro_clie__c NOT IN (SELECT TBFS4ME_CADA_CONT_CORE_CLIE__dlm.cod_chav_coro_clie__c as chave FROM TBFS4ME_CADA_CONT_CORE_CLIE__dlm WHERE TBFS4ME_CADA_CONT_CORE_CLIE__dlm.cod_sgto_cont_core_clie__c = &#39;7&#39;) AND Cadastro_Cartao_de_Credito__dlm.cod_chav_coro_clie__c NOT IN (SELECT Dados_Manuais_Clientes__dlm.cod_chav_coro_clie__c as chave2 FROM Dados_Manuais_Clientes__dlm WHERE Dados_Manuais_Clientes__dlm.des_pubi__c = &#39;cd5_lista_cliente_sf_safra&#39; OR Dados_Manuais_Clientes__dlm.des_pubi__c = &#39;cd5_lista_cliente_sf_bot_ver&#39; ) GROUP BY Cadastro_Cartao_de_Credito__dlm.id__c"
eleg_not_in__cio,Elegibilidade Regulatório,2025-09-26T19:26:06.000Z,SUCCESS,"SELECT Cadastro_Cartao_de_Credito__dlm.id__c AS cartao_credito__c , COUNT(Cadastro_Cartao_de_Credito__dlm.id__c) AS elegibilidade_carto__c FROM Cadastro_Cartao_de_Credito__dlm WHERE Cadastro_Cartao_de_Credito__dlm.ind_tipo_bloq_crto__c = &#39;&#39; AND Cadastro_Cartao_de_Credito__dlm.ind_titr_ccre__c = &#39;0&#39; AND Cadastro_Cartao_de_Credito__dlm.cod_chav_coro_clie__c NOT IN (SELECT TBFS4ME_CADA_CONT_CORE_CLIE__dlm.cod_chav_coro_clie__c as chave FROM TBFS4ME_CADA_CONT_CORE_CLIE__dlm WHERE TBFS4ME_CADA_CONT_CORE_CLIE__dlm.cod_sgto_cont_core_clie__c = &#39;7&#39;) AND Cadastro_Cartao_de_Credito__dlm.cod_chav_coro_clie__c NOT IN (SELECT Dados_Manuais_Clientes__dlm.cod_chav_coro_clie__c as chave2 FROM Dados_Manuais_Clientes__dlm WHERE Dados_Manuais_Clientes__dlm.des_pubi__c = &#39;cd5_lista_cliente_sf_safra&#39;) GROUP BY Cadastro_Cartao_de_Credito__dlm.id__c"
eleg_vend_servios_e_prod__cio,Elegibilidade Vendas Serviços e Produtos,2025-09-26T19:26:06.000Z,SUCCESS,"SELECT Cadastro_Cartao_de_Credito__dlm.id__c AS cartao_credito__c, COUNT(Cadastro_Cartao_de_Credito__dlm.id__c) AS elegibilidade_carto__c FROM Cadastro_Cartao_de_Credito__dlm WHERE Cadastro_Cartao_de_Credito__dlm.ind_tipo_bloq_crto__c = &#39;&#39; AND Cadastro_Cartao_de_Credito__dlm.ind_titr_ccre__c = &#39;0&#39; AND Cadastro_Cartao_de_Credito__dlm.cod_chav_coro_clie__c IN (SELECT ssot__Individual__dlm.ssot__Id__c as chav3 FROM ssot__Individual__dlm WHERE ssot__Individual__dlm.Indicador_Gest_o_Ativa__c = &#39;0&#39; ) AND Cadastro_Cartao_de_Credito__dlm.cod_chav_coro_clie__c IN (SELECT ssot__Individual__dlm.ssot__Id__c as chav7 FROM ssot__Individual__dlm WHERE ssot__Individual__dlm.Indicador_Cliente_Atrito__c = &#39;0&#39; ) AND Cadastro_Cartao_de_Credito__dlm.cod_chav_coro_clie__c NOT IN (SELECT TBFS4ME_CADA_CONT_CORE_CLIE__dlm.cod_chav_coro_clie__c as chave FROM TBFS4ME_CADA_CONT_CORE_CLIE__dlm WHERE TBFS4ME_CADA_CONT_CORE_CLIE__dlm.cod_sgto_cont_core_clie__c = &#39;7&#39; AND TBFS4ME_CADA_CONT_CORE_CLIE__dlm.ind_crgo_dret__c = &#39;1&#39; ) AND Cadastro_Cartao_de_Credito__dlm.cod_chav_coro_clie__c NOT IN (SELECT Dados_Manuais_Clientes__dlm.cod_chav_coro_clie__c as chave2 FROM Dados_Manuais_Clientes__dlm WHERE Dados_Manuais_Clientes__dlm.des_pubi__c = &#39;cd5_lista_cliente_sf_safra&#39; OR Dados_Manuais_Clientes__dlm.des_pubi__c = &#39;cd5_lista_cliente_sf_bot_ver&#39; OR Dados_Manuais_Clientes__dlm.des_pubi__c = &#39;cd5_lista_cliente_sf_blacklist&#39;) AND Cadastro_Cartao_de_Credito__dlm.cod_chav_coro_clie__c NOT IN (SELECT ssot__Individual__dlm.ssot__Id__c as chave3 FROM ssot__Individual__dlm WHERE ssot__Individual__dlm.Descrio_Vulnerabilidade__c = &#39;Alto&#39; AND ssot__Individual__dlm.Descrio_Vulnerabilidade__c = &#39;Muito Alto&#39;) GROUP BY cartao_credito__c"
Portfolio_de_Propensao_Cartoes__cio,Portfolio de Propensao Cartoes,2025-09-26T19:26:06.000Z,SUCCESS,"SELECT ssot__Individual__dlm.ssot__Id__c as IndividualId__c, FIRST( Tabela_Visao_Propensao__dlm.Nome_Subproduto_Propensao__c ) as Nome_Portfolio__c, COUNT( Tabela_Visao_Propensao__dlm.id__c ) as RowCount__c FROM Tabela_Visao_Propensao__dlm INNER JOIN ssot__Individual__dlm ON (Tabela_Visao_Propensao__dlm.COD_CHAV_CORO_CLIE__c= ssot__Individual__dlm.ssot__Id__c) WHERE Tabela_Visao_Propensao__dlm.NOM_PROD_PRPS__c = &#39;Cluster Cartões&#39; GROUP BY IndividualId__c"
Data_Simulacao_Veic__cio,Data Simulacao Veic,2025-09-26T19:26:06.000Z,SUCCESS,"SELECT ssot__Individual__dlm.ssot__Id__c as IndividualId__c, Simulacao_Carrinho_Abandonado_Alter__dlm.dat_simu__c as DatSimu__c, Simulacao_Carrinho_Abandonado_Alter__dlm.nom_plat_rlzd_simu__c as CanalSimu__c, MAX( Simulacao_Carrinho_Abandonado_Alter__dlm.dat_simu__c ) as MaxDatSimu__c, COUNT( Simulacao_Carrinho_Abandonado_Alter__dlm.Id__c ) as RowCount__c FROM Simulacao_Carrinho_Abandonado_Alter__dlm INNER JOIN ssot__Individual__dlm ON (Simulacao_Carrinho_Abandonado_Alter__dlm.cod_chav_coro_clie__c = ssot__Individual__dlm.ssot__Id__c) WHERE Simulacao_Carrinho_Abandonado_Alter__dlm.nom_prod_crho_aban__c = &#39;Veiculos&#39; GROUP BY IndividualId__c, DatSimu__c, CanalSimu__c"
ibb_Won_Avg_Opps__cio,Media Quantidade Tempo Opp Ganha,2025-09-25T23:03:38.000Z,SUCCESS,"SELECT ibb_User__dlm.Id__c AS id_officer__c, MAX(SubQuery1.media_qtd_tempo_acao_atac__c) AS media_qtd_tempo_acao_atac__c, MAX(SubQuery2.media_qtd_tempo_acao_officer) AS media_qtd_tempo_acao_officer__c FROM ibb_Opportunity__dlm JOIN ibb_User__dlm ON ibb_Opportunity__dlm.OwnerUserId__c = ibb_User__dlm.Id__c JOIN ( SELECT ibb_Opportunity__dlm.OpportunityStageId__c AS opp_stage, ROUND( ABS( AVG( DATEDIFF ( ibb_Opportunity__dlm.CloseDate__c, ibb_Opportunity__dlm.CreatedDate__c ) ) ), 1 ) AS media_qtd_tempo_acao_atac__c FROM ibb_Opportunity__dlm WHERE ibb_Opportunity__dlm.OpportunityStageId__c = &#39;Ganha&#39; AND ibb_Opportunity__dlm.OpportunityTypeId__c = &#39;Oferta&#39; GROUP BY ibb_Opportunity__dlm.OpportunityStageId__c ) AS SubQuery1 ON ibb_Opportunity__dlm.OpportunityStageId__c = SubQuery1.opp_stage JOIN ( SELECT ibb_Opportunity__dlm.OwnerUserId__c AS id_officer, ROUND( ABS( AVG( DATEDIFF ( ibb_Opportunity__dlm.CloseDate__c, ibb_Opportunity__dlm.CreatedDate__c ) ) ), 1 ) AS media_qtd_tempo_acao_officer FROM ibb_Opportunity__dlm WHERE ibb_Opportunity__dlm.OpportunityStageId__c = &#39;Ganha&#39; AND ibb_Opportunity__dlm.OpportunityTypeId__c = &#39;Oferta&#39; GROUP BY ibb_Opportunity__dlm.OwnerUserId__c ) AS SubQuery2 ON ibb_Opportunity__dlm.OwnerUserId__c = SubQuery2.id_officer GROUP BY ibb_User__dlm.Id__c"
ibb_IU_Rotativos_Atacado__cio,IU Rotativos Atacado,,NONE,"SELECT ibb_Account__dlm.Id__c AS Id__c, ibb_FinancialAccountBalance__dlm.Name__c AS des_prod__c, MAX(ibb_FinancialAccountBalance__dlm.Valor_Saldo_Medio__c) / MAX(ibb_FinancialAccountBalance__dlm.Valor_Limite__c) AS iu_saldo_medio__c, MAX(ibb_FinancialAccountBalance__dlm.Valor_Saldo_Pico__c) / MAX(ibb_FinancialAccountBalance__dlm.Valor_Limite__c) AS iu_saldo_pico__c FROM ( SELECT ibb_FinancialAccountBalance__dlm.Id__c AS fin_balance_id, ROW_NUMBER() OVER ( PARTITION BY ibb_FinancialAccountBalance__dlm.FinancialAccountId__c ORDER BY ibb_FinancialAccountBalance__dlm.Reference_Date__c DESC ) AS RowNum FROM ibb_FinancialAccountBalance__dlm ) AS SubQuery1 JOIN ibb_FinancialAccountBalance__dlm ON SubQuery1.fin_balance_id = ibb_FinancialAccountBalance__dlm.Id__c JOIN ibb_Account__dlm ON ibb_FinancialAccountBalance__dlm.FinancialAccountId__c = ibb_Account__dlm.Id__c WHERE SubQuery1.RowNum = 1 AND ibb_FinancialAccountBalance__dlm.Valor_Limite__c &gt; 0 AND ( ibb_FinancialAccountBalance__dlm.Valor_Saldo_Medio__c &gt; 0 OR ibb_FinancialAccountBalance__dlm.Valor_Saldo_Pico__c &gt; 0 ) GROUP BY ibb_Account__dlm.Id__c, ibb_FinancialAccountBalance__dlm.Name__c"
Data_Proposta_Imob_e_CGI__cio,Data Proposta Imob e CGI,2025-09-26T19:26:06.000Z,SUCCESS,"SELECT ssot__Individual__dlm.ssot__Id__c as IndividualId__c, prpt_finm_imol_cgi__dlm.dat_prpt_cred_imol__c as DatSimu__c, MAX(prpt_finm_imol_cgi__dlm.dat_prpt_cred_imol__c) as MaxDatProp__c, COUNT (prpt_finm_imol_cgi__dlm.id__c) as RowCount__c FROM prpt_finm_imol_cgi__dlm INNER JOIN ssot__Individual__dlm ON ( prpt_finm_imol_cgi__dlm.cod_chav_coro_clie__c= ssot__Individual__dlm.ssot__Id__c) GROUP BY IndividualId__c, DatSimu__c"
Data_Contrato_Iti__cio,Data Contrato Iti,2025-09-26T19:26:06.000Z,SUCCESS,"SELECT ssot__Individual__dlm.ssot__Id__c AS IndividualId__c, MAX(Contrato_Iti__dlm.dat_abta__c) AS DatAbta__c, COUNT(Contrato_Iti__dlm.Id__c) AS RowCount__c FROM Contrato_Iti__dlm INNER JOIN ssot__Individual__dlm ON Contrato_Iti__dlm.cod_chav_coro_clie__c = ssot__Individual__dlm.ssot__Id__c GROUP BY IndividualId__c"
Eleg_Informativ_SQL__cio,Elegibilidade Informativo,2025-09-26T19:26:06.000Z,SUCCESS,"SELECT Cadastro_Cartao_de_Credito__dlm.id__c AS cartao_credito__c , COUNT(Cadastro_Cartao_de_Credito__dlm.id__c) AS elegibilidade_carto__c FROM Cadastro_Cartao_de_Credito__dlm WHERE Cadastro_Cartao_de_Credito__dlm.ind_tipo_bloq_crto__c = &#39;&#39; AND Cadastro_Cartao_de_Credito__dlm.ind_titr_ccre__c = &#39;0&#39; AND Cadastro_Cartao_de_Credito__dlm.cod_chav_coro_clie__c NOT IN (SELECT TBFS4ME_CADA_CONT_CORE_CLIE__dlm.cod_chav_coro_clie__c as chave FROM TBFS4ME_CADA_CONT_CORE_CLIE__dlm WHERE TBFS4ME_CADA_CONT_CORE_CLIE__dlm.cod_sgto_cont_core_clie__c = &#39;7&#39;) AND Cadastro_Cartao_de_Credito__dlm.cod_chav_coro_clie__c NOT IN (SELECT Dados_Manuais_Clientes__dlm.cod_chav_coro_clie__c as chave2 FROM Dados_Manuais_Clientes__dlm WHERE Dados_Manuais_Clientes__dlm.des_pubi__c = &#39;cd5_lista_cliente_sf_safra&#39; OR Dados_Manuais_Clientes__dlm.des_pubi__c = &#39;cd5_lista_cliente_sf_bot_ver&#39; ) GROUP BY cartao_credito__c"
Setup_Inicio_Relacionamento_CartaoIU__cio,Setup_Inicio_Relacionamento_CartaoIU,2025-09-26T12:06:02.000Z,SUCCESS,"SELECT informa_o_Cadastral_CHPRAS__dlm.num_cont_prod_clie__c AS num_cont_prod_clie__c, ssot__Individual__dlm.ssot__Id__c AS cod_chav_coro_clie__c, FIRST(FINAL.cod_chav_coro_clie__c) AS idcliente__c, FIRST(FINAL.num_cont_prod_clie__c) AS num_conta_cartao__c, FIRST(FINAL.cod_sgto_cont_core_clie__c) AS cod_sgto_cont_core_clie__c, FIRST(FINAL.Data_Abertura_Conta__c) AS Data_Abertura_Conta_Cartao__c, FIRST(FINAL.cod_prod_ccre__c) AS cod_prod_ccre__c, FIRST(FINAL.Nome_Produto_Parceiro__c) AS Nome_Produto_Parceiro__c, FIRST(FINAL.vlr_limi_dspz_ccor__c) AS vlr_limi_dspz_ccor__c, FIRST(FINAL.Valor_Total_Fatura_Cartao_Credito__c) AS Valor_Total_Fatura_Cartao_Credito__c, FIRST(FINAL.Data_Primeira_Compra_Cart_o_Cr_dito__c) AS Data_Primeira_Compra_Cart_o_Cr_dito__c, FIRST(FINAL.dat_ulti_copr__c) AS dat_ulti_copr__c, FIRST(FINAL.Ind_Assinatura_Contrato_Deb_Autom_tico__c) AS Ind_Assinatura_Contrato_Deb_Autom_tico__c, FIRST(FINAL.nom_plat_ccre__c) AS nom_plat_ccre__c, FIRST(FINAL.Dia_Vencimento_Fatura_Cart_o__c) AS Dia_Vencimento_Fatura_Cart_o__c, FIRST(FINAL.num_crto__c) AS num_crto__c, FIRST(FINAL.dat_emis_plas_crto__c) AS dat_emis_plas_crto__c, FIRST(FINAL.Data_Desbloqueio_Cart_o__c) AS Data_Desbloqueio_Cart_o__c, FIRST(informa_o_Cadastral_CHPRAS__dlm.Data_Minima_Desbloqueio_Cartao_CHPRAS__c) AS Data_Minima_Desbloqueio_Cartao_CHPRAS__c, FIRST(FINAL.idt_utiz_crto_virt__c) AS idt_utiz_crto_virt__c, FIRST(FINAL.idt_utiz_wllt__c) AS idt_utiz_wllt__c, FIRST(FINAL.ind_stat_cont_norl__c) AS ind_stat_cont_norl__c FROM ( SELECT PRIORIZACAO.cod_chav_coro_clie__c AS cod_chav_coro_clie__c, PRIORIZACAO.num_cont_prod_clie__c AS num_cont_prod_clie__c, PRIORIZACAO.cod_sgto_cont_core_clie__c AS cod_sgto_cont_core_clie__c, PRIORIZACAO.Data_Abertura_Conta__c AS Data_Abertura_Conta__c, PRIORIZACAO.cod_prod_ccre__c AS cod_prod_ccre__c, PRIORIZACAO.Nome_Produto_Parceiro__c AS Nome_Produto_Parceiro__c, PRIORIZACAO.vlr_limi_dspz_ccor__c AS vlr_limi_dspz_ccor__c, PRIORIZACAO.Valor_Total_Fatura_Cartao_Credito__c AS Valor_Total_Fatura_Cartao_Credito__c, PRIORIZACAO.Data_Primeira_Compra_Cart_o_Cr_dito__c AS Data_Primeira_Compra_Cart_o_Cr_dito__c, PRIORIZACAO.dat_ulti_copr__c AS dat_ulti_copr__c, PRIORIZACAO.Ind_Assinatura_Contrato_Deb_Autom_tico__c AS Ind_Assinatura_Contrato_Deb_Autom_tico__c, PRIORIZACAO.nom_plat_ccre__c AS nom_plat_ccre__c, PRIORIZACAO.Dia_Vencimento_Fatura_Cart_o__c AS Dia_Vencimento_Fatura_Cart_o__c, PRIORIZACAO.num_crto__c AS num_crto__c, PRIORIZACAO.dat_emis_plas_crto__c AS dat_emis_plas_crto__c, PRIORIZACAO.Data_Desbloqueio_Cart_o__c AS Data_Desbloqueio_Cart_o__c, PRIORIZACAO.idt_utiz_crto_virt__c AS idt_utiz_crto_virt__c, PRIORIZACAO.idt_utiz_wllt__c AS idt_utiz_wllt__c, PRIORIZACAO.ind_stat_cont_norl__c AS ind_stat_cont_norl__c, ROW_NUMBER() OVER(PARTITION BY PRIORIZACAO.cod_chav_coro_clie__c ORDER BY PRIORIZACAO.Data_Abertura_Conta__c DESC, PRIORIZACAO.prioridade_conta__c ASC) AS RN__c FROM ( SELECT CONTA_CARTAO.cod_chav_coro_clie__c AS cod_chav_coro_clie__c, CONTA_CARTAO.num_cont_prod_clie__c AS num_cont_prod_clie__c, CONTA_CARTAO.cod_sgto_cont_core_clie__c AS cod_sgto_cont_core_clie__c, CONTA_CARTAO.cod_prod_ccre__c AS cod_prod_ccre__c, CONTA_CARTAO.Nome_Produto_Parceiro__c AS Nome_Produto_Parceiro__c, CONTA_CARTAO.vlr_limi_dspz_ccor__c AS vlr_limi_dspz_ccor__c, CONTA_CARTAO.Valor_Total_Fatura_Cartao_Credito__c AS Valor_Total_Fatura_Cartao_Credito__c, CONTA_CARTAO.Data_Primeira_Compra_Cart_o_Cr_dito__c AS Data_Primeira_Compra_Cart_o_Cr_dito__c, CONTA_CARTAO.dat_ulti_copr__c AS dat_ulti_copr__c, CONTA_CARTAO.Ind_Assinatura_Contrato_Deb_Autom_tico__c AS Ind_Assinatura_Contrato_Deb_Autom_tico__c, CONTA_CARTAO.nom_plat_ccre__c AS nom_plat_ccre__c, CONTA_CARTAO.Dia_Vencimento_Fatura_Cart_o__c AS Dia_Vencimento_Fatura_Cart_o__c, PLASTICO_FINAL.num_crto__c AS num_crto__c, PLASTICO_FINAL.dat_emis_plas_crto__c AS dat_emis_plas_crto__c, PLASTICO_FINAL.Data_Desbloqueio_Cart_o__c AS Data_Desbloqueio_Cart_o__c, PAGAMENTOS.idt_utiz_crto_virt__c AS idt_utiz_crto_virt__c, PAGAMENTOS.idt_utiz_wllt__c AS idt_utiz_wllt__c, CONTA_CARTAO.ind_stat_cont_norl__c AS ind_stat_cont_norl__c, CONTA_CARTAO.prioridade_conta__c AS prioridade_conta__c, MAX(CONTA_CARTAO.Data_Abertura_Conta__c) AS Data_Abertura_Conta__c FROM ( SELECT Setup_Inicio_Relacionamento_Individual__cio.cod_chav_coro_clie__c AS cod_chav_coro_clie__c, informa_o_Cadastral_CHPRAS__dlm.num_cont_prod_clie__c AS num_cont_prod_clie__c, informa_o_Cadastral_CHPRAS__dlm.Data_Abertura_Conta__c AS Data_Abertura_Conta__c, informa_o_Cadastral_CHPRAS__dlm.cod_prod_ccre__c AS cod_prod_ccre__c, informa_o_Cadastral_CHPRAS__dlm.Nome_Produto_Parceiro__c AS Nome_Produto_Parceiro__c, informa_o_Cadastral_CHPRAS__dlm.vlr_limi_dspz_ccor__c AS vlr_limi_dspz_ccor__c, informa_o_Cadastral_CHPRAS__dlm.Valor_Total_Fatura_Cartao_Credito__c AS Valor_Total_Fatura_Cartao_Credito__c, informa_o_Cadastral_CHPRAS__dlm.Data_Primeira_Compra_Cart_o_Cr_dito__c AS Data_Primeira_Compra_Cart_o_Cr_dito__c, informa_o_Cadastral_CHPRAS__dlm.dat_ulti_copr__c AS dat_ulti_copr__c, informa_o_Cadastral_CHPRAS__dlm.Ind_Assinatura_Contrato_Deb_Autom_tico__c AS Ind_Assinatura_Contrato_Deb_Autom_tico__c, informa_o_Cadastral_CHPRAS__dlm.nom_plat_ccre__c nom_plat_ccre__c, informa_o_Cadastral_CHPRAS__dlm.Dia_Vencimento_Fatura_Cart_o__c Dia_Vencimento_Fatura_Cart_o__c, Setup_Inicio_Relacionamento_Individual__cio.cod_sgto_cont_core_clie__c AS cod_sgto_cont_core_clie__c, informa_o_Cadastral_CHPRAS__dlm.ind_stat_cont_norl__c AS ind_stat_cont_norl__c, CASE WHEN informa_o_Cadastral_CHPRAS__dlm.ind_stat_cont_norl__c IN (&#39;0&#39;,&#39;3&#39;,&#39;V&#39;,&#39;6&#39;) THEN 1 ELSE 2 END AS prioridade_conta__c, CASE WHEN DATEDIFF(NOW(),informa_o_Cadastral_CHPRAS__dlm.Data_Encerramento_Conta__c) &gt;0 THEN 1 ELSE 0 END AS exclusao__c FROM Setup_Inicio_Relacionamento_Individual__cio LEFT JOIN informa_o_Cadastral_CHPRAS__dlm ON informa_o_Cadastral_CHPRAS__dlm.cod_chav_coro_clie__c = Setup_Inicio_Relacionamento_Individual__cio.cod_chav_coro_clie__c WHERE informa_o_Cadastral_CHPRAS__dlm.cod_prod_ccre__c IN (&#39;00973&#39;,&#39;01566&#39;,&#39;01216&#39;,&#39;00974&#39;,&#39;01214&#39;,&#39;01215&#39;,&#39;00972&#39;,&#39;01572&#39;,&#39;00971&#39;,&#39;01568&#39;,&#39;01571&#39;,&#39;01569&#39;,&#39;01294&#39;,&#39;01195&#39;,&#39;01194&#39;) AND informa_o_Cadastral_CHPRAS__dlm.ind_stat_cont_norl__c IN (&#39;0&#39;,&#39;3&#39;,&#39;V&#39;,&#39;6&#39;,&#39;U&#39;) AND informa_o_Cadastral_CHPRAS__dlm.cod_chav_coro_clie__c = Setup_Inicio_Relacionamento_Individual__cio.cod_chav_coro_clie__c AND Setup_Inicio_Relacionamento_Individual__cio.cod_sgto_cont_core_clie__c IN (&#39;L&#39;) AND Setup_Inicio_Relacionamento_Individual__cio.Data_Abertura_Conta__c &lt;=informa_o_Cadastral_CHPRAS__dlm.Data_Abertura_Conta__c ) AS CONTA_CARTAO LEFT JOIN ( SELECT PLASTICO.cod_chav_coro_clie__c AS cod_chav_coro_clie__c, PLASTICO.num_cont_crto__c AS num_cont_crto__c, PLASTICO.num_crto__c AS num_crto__c, PLASTICO.dat_emis_plas_crto__c AS dat_emis_plas_crto__c, PLASTICO.Data_Desbloqueio_Cart_o__c AS Data_Desbloqueio_Cart_o__c, PLASTICO.ind_titr_ccre__c AS ind_titr_ccre__c, PLASTICO.ind_tipo_bloq_crto__c AS ind_tipo_bloq_crto__c, ROW_NUMBER() OVER(PARTITION BY PLASTICO.cod_chav_coro_clie__c,PLASTICO.num_cont_crto__c ORDER BY PLASTICO.dat_emis_plas_crto__c DESC) AS RN__c FROM ( SELECT Setup_Inicio_Relacionamento_Individual__cio.cod_chav_coro_clie__c AS cod_chav_coro_clie__c, Cadastro_Cartao_de_Credito__dlm.num_cont_crto__c AS num_cont_crto__c, Cadastro_Cartao_de_Credito__dlm.num_crto__c AS num_crto__c, Cadastro_Cartao_de_Credito__dlm.dat_emis_plas_crto__c AS dat_emis_plas_crto__c, Cadastro_Cartao_de_Credito__dlm.Data_Desbloqueio_Cart_o__c AS Data_Desbloqueio_Cart_o__c, Cadastro_Cartao_de_Credito__dlm.ind_titr_ccre__c AS ind_titr_ccre__c, Cadastro_Cartao_de_Credito__dlm.ind_tipo_bloq_crto__c AS ind_tipo_bloq_crto__c FROM Setup_Inicio_Relacionamento_Individual__cio LEFT JOIN Cadastro_Cartao_de_Credito__dlm ON Cadastro_Cartao_de_Credito__dlm.cod_chav_coro_clie__c = Setup_Inicio_Relacionamento_Individual__cio.cod_chav_coro_clie__c WHERE (Cadastro_Cartao_de_Credito__dlm.ind_titr_ccre__c IS NULL OR Cadastro_Cartao_de_Credito__dlm.ind_titr_ccre__c IN (&#39;0&#39;)) AND Setup_Inicio_Relacionamento_Individual__cio.cod_sgto_cont_core_clie__c IN (&#39;L&#39;) ) AS PLASTICO ) AS PLASTICO_FINAL ON CONTA_CARTAO.cod_chav_coro_clie__c=PLASTICO_FINAL.cod_chav_coro_clie__c AND CONTA_CARTAO.num_cont_prod_clie__c=PLASTICO_FINAL.num_cont_crto__c LEFT JOIN ( SELECT Info_de_Utiliza_o_Meios_de_Pagament__dlm.num_cont_prod_clie__c AS num_cont_prod_clie__c, Info_de_Utiliza_o_Meios_de_Pagament__dlm.idt_utiz_aprx__c AS idt_utiz_aprx__c, Info_de_Utiliza_o_Meios_de_Pagament__dlm.idt_utiz_crto_virt__c AS idt_utiz_crto_virt__c, Info_de_Utiliza_o_Meios_de_Pagament__dlm.idt_utiz_wllt__c AS idt_utiz_wllt__c FROM Info_de_Utiliza_o_Meios_de_Pagament__dlm ) AS PAGAMENTOS ON CONTA_CARTAO.num_cont_prod_clie__c=PAGAMENTOS.num_cont_prod_clie__c WHERE CONTA_CARTAO.exclusao__c = 0 AND PLASTICO_FINAL.RN__c = 1 GROUP BY CONTA_CARTAO.cod_chav_coro_clie__c, CONTA_CARTAO.num_cont_prod_clie__c, CONTA_CARTAO.cod_sgto_cont_core_clie__c, CONTA_CARTAO.cod_prod_ccre__c, CONTA_CARTAO.Nome_Produto_Parceiro__c, CONTA_CARTAO.vlr_limi_dspz_ccor__c, CONTA_CARTAO.Valor_Total_Fatura_Cartao_Credito__c, CONTA_CARTAO.Data_Primeira_Compra_Cart_o_Cr_dito__c, CONTA_CARTAO.dat_ulti_copr__c, CONTA_CARTAO.Ind_Assinatura_Contrato_Deb_Autom_tico__c, CONTA_CARTAO.nom_plat_ccre__c, CONTA_CARTAO.Dia_Vencimento_Fatura_Cart_o__c, PLASTICO_FINAL.num_crto__c, PLASTICO_FINAL.dat_emis_plas_crto__c, PLASTICO_FINAL.Data_Desbloqueio_Cart_o__c, PAGAMENTOS.idt_utiz_crto_virt__c, PAGAMENTOS.idt_utiz_wllt__c, CONTA_CARTAO.ind_stat_cont_norl__c, CONTA_CARTAO.prioridade_conta__c ) AS PRIORIZACAO ) AS FINAL LEFT JOIN ssot__Individual__dlm ON ssot__Individual__dlm.ssot__Id__c = FINAL.cod_chav_coro_clie__c LEFT JOIN informa_o_Cadastral_CHPRAS__dlm ON informa_o_Cadastral_CHPRAS__dlm.num_cont_prod_clie__c = FINAL.num_cont_prod_clie__c WHERE FINAL.RN__c = 1 GROUP BY ssot__Individual__dlm.ssot__Id__c,informa_o_Cadastral_CHPRAS__dlm.num_cont_prod_clie__c"
Setup_Inicio_Relacionamento_Individual__cio,Setup_Inicio_Relacionamento_Individual,2025-09-26T11:30:39.000Z,SUCCESS,"SELECT TBFS4ME_CADA_CONT_CORE_CLIE__dlm.Chave_Conta_Corrente__c AS Chave_Conta_Corrente__c, ssot__Individual__dlm.ssot__Id__c AS idcliente__c, FIRST(FINAL.cod_chav_coro_clie__c) AS cod_chav_coro_clie__c, FIRST(FINAL.Chave_Conta_Corrente__c) AS Chave_C_Corrente__c, FIRST(FINAL.cod_sgto_clie_banc__c) AS cod_sgto_clie_banc__c, FIRST(FINAL.cod_sgto_cont_core_clie__c) AS cod_sgto_cont_core_clie__c, FIRST(FINAL.ind_tipo_cont_banc__c) AS ind_tipo_cont_banc__c, FIRST(FINAL.cod_agen_banc__c) AS cod_agen_banc__c, FIRST(FINAL.int_cont_core__c) AS int_cont_core__c, FIRST(FINAL.Nmero_Digito_Auto_Conferncia__c) AS Nmero_Digito_Auto_Conferncia__c, FIRST(FINAL.Data_Abertura_Conta__c) AS Data_Abertura_Conta__c, FIRST(FINAL.chave_forte__c) AS chave_forte__c, FIRST(FINAL.chave_aleatoria__c) AS chave_aleatoria__c, FIRST(FINAL.flag_opf_ativo__c) AS flag_opf_ativo__c, FIRST(FINAL.DDA_ativo__c) AS DDA_ativo__c FROM ( SELECT CLIENTE.cod_chav_coro_clie__c AS cod_chav_coro_clie__c, CLIENTE.Chave_Conta_Corrente__c AS Chave_Conta_Corrente__c, CLIENTE.cod_sgto_clie_banc__c AS cod_sgto_clie_banc__c, CLIENTE.cod_sgto_cont_core_clie__c AS cod_sgto_cont_core_clie__c, CLIENTE.ind_tipo_cont_banc__c AS ind_tipo_cont_banc__c, CLIENTE.cod_agen_banc__c AS cod_agen_banc__c, CLIENTE.int_cont_core__c AS int_cont_core__c, CLIENTE.Nmero_Digito_Auto_Conferncia__c AS Nmero_Digito_Auto_Conferncia__c, CLIENTE.Data_Abertura_Conta__c AS Data_Abertura_Conta__c, CLIENTE.priorizacao__c AS priorizacao__c, CASE WHEN PIX_FINAL.chave_forte__c IS NULL THEN 0 ELSE PIX_FINAL.chave_forte__c END AS chave_forte__c, CASE WHEN PIX_FINAL.chave_aleatoria__c IS NULL THEN 0 ELSE PIX_FINAL.chave_aleatoria__c END AS chave_aleatoria__c, CASE WHEN OPEN_FINANCE.dat_soli_cotm_clet_info_finn__c IS NULL THEN 0 ELSE 1 END AS flag_opf_ativo__c, CASE WHEN CLIENTE.cod_chav_coro_clie__c=DDA_FINAL.cod_chav_coro_clie__c THEN 1 ELSE 0 END AS DDA_ativo__c FROM ( SELECT CONTA_FINAL.cod_chav_coro_clie__c AS cod_chav_coro_clie__c, CONTA_FINAL.Chave_Conta_Corrente__c AS Chave_Conta_Corrente__c, CONTA_FINAL.cod_sgto_clie_banc__c AS cod_sgto_clie_banc__c, CONTA_FINAL.cod_sgto_cont_core_clie__c AS cod_sgto_cont_core_clie__c, CONTA_FINAL.ind_tipo_cont_banc__c AS ind_tipo_cont_banc__c, CONTA_FINAL.cod_agen_banc__c AS cod_agen_banc__c, CONTA_FINAL.int_cont_core__c AS int_cont_core__c, CONTA_FINAL.Nmero_Digito_Auto_Conferncia__c AS Nmero_Digito_Auto_Conferncia__c, CONTA_FINAL.Data_Abertura_Conta__c AS Data_Abertura_Conta__c, CONTA_FINAL.priorizacao__c AS priorizacao__c, CASE WHEN CONTA_FINAL.Data_Abertura_Conta_Antiga__c IS NULL THEN 181 ELSE DATEDIFF(CONTA_FINAL.Data_Abertura_Conta__c,CONTA_FINAL.Data_Abertura_Conta_Antiga__c) END AS Diferenca_Contas__c FROM ( SELECT CONTAS.cod_chav_coro_clie__c AS cod_chav_coro_clie__c, CONTAS.Chave_Conta_Corrente__c AS Chave_Conta_Corrente__c, CONTAS.cod_sgto_clie_banc__c AS cod_sgto_clie_banc__c, CONTAS.cod_sgto_cont_core_clie__c AS cod_sgto_cont_core_clie__c, CONTAS.ind_tipo_cont_banc__c AS ind_tipo_cont_banc__c, CONTAS.cod_agen_banc__c AS cod_agen_banc__c, CONTAS.int_cont_core__c AS int_cont_core__c, CONTAS.Nmero_Digito_Auto_Conferncia__c AS Nmero_Digito_Auto_Conferncia__c, CONTAS.Data_Abertura_Conta__c AS Data_Abertura_Conta__c, CONTAS.priorizacao__c AS priorizacao__c, EXCLUSAO_01.Data_Abertura_Conta_Antiga__c AS Data_Abertura_Conta_Antiga__c, ROW_NUMBER() OVER(PARTITION BY CONTAS.cod_chav_coro_clie__c ORDER BY CONTAS.priorizacao__c DESC, CONTAS.Data_Abertura_Conta__c ASC) AS RN__c FROM ( SELECT CONTAS_TRAT.cod_chav_coro_clie__c AS cod_chav_coro_clie__c, CONTAS_TRAT.Chave_Conta_Corrente__c AS Chave_Conta_Corrente__c, CONTAS_TRAT.cod_sgto_clie_banc__c AS cod_sgto_clie_banc__c, CONTAS_TRAT.cod_sgto_cont_core_clie__c AS cod_sgto_cont_core_clie__c, CONTAS_TRAT.ind_tipo_cont_banc__c AS ind_tipo_cont_banc__c, CONTAS_TRAT.cod_agen_banc__c AS cod_agen_banc__c, CONTAS_TRAT.int_cont_core__c AS int_cont_core__c, CONTAS_TRAT.Nmero_Digito_Auto_Conferncia__c AS Nmero_Digito_Auto_Conferncia__c, CONTAS_TRAT.Data_Abertura_Conta__c AS Data_Abertura_Conta__c, CONTAS_TRAT.priorizacao__c AS priorizacao__c FROM (SELECT TBFS4ME_CADA_CONT_CORE_CLIE__dlm.cod_chav_coro_clie__c AS cod_chav_coro_clie__c, TBFS4ME_CADA_CONT_CORE_CLIE__dlm.Chave_Conta_Corrente__c AS Chave_Conta_Corrente__c, TBFS4ME_CADA_CONT_CORE_CLIE__dlm.cod_sgto_clie_banc__c AS cod_sgto_clie_banc__c, TBFS4ME_CADA_CONT_CORE_CLIE__dlm.cod_sgto_cont_core_clie__c AS cod_sgto_cont_core_clie__c, TBFS4ME_CADA_CONT_CORE_CLIE__dlm.ind_tipo_cont_banc__c AS ind_tipo_cont_banc__c, TBFS4ME_CADA_CONT_CORE_CLIE__dlm.cod_agen_banc__c AS cod_agen_banc__c, TBFS4ME_CADA_CONT_CORE_CLIE__dlm.int_cont_core__c AS int_cont_core__c, TBFS4ME_CADA_CONT_CORE_CLIE__dlm.Nmero_Digito_Auto_Conferncia__c AS Nmero_Digito_Auto_Conferncia__c, TBFS4ME_CADA_CONT_CORE_CLIE__dlm.Data_Abertura_Conta__c AS Data_Abertura_Conta__c, CASE WHEN TBFS4ME_CADA_CONT_CORE_CLIE__dlm.cod_sgto_cont_core_clie__c IN (&#39;3&#39;) THEN 1 WHEN TBFS4ME_CADA_CONT_CORE_CLIE__dlm.cod_sgto_cont_core_clie__c IN (&#39;L&#39;) THEN 2 WHEN TBFS4ME_CADA_CONT_CORE_CLIE__dlm.cod_sgto_cont_core_clie__c IN (&#39;4&#39;) THEN 3 END AS priorizacao__c, CASE WHEN (TBFS4ME_CADA_CONT_CORE_CLIE__dlm.ind_cont_core_enrr__c IN (&#39;1&#39;) OR TBFS4ME_CADA_CONT_CORE_CLIE__dlm.ind_cont_core_spol__c IN (&#39;1&#39;) OR TBFS4ME_CADA_CONT_CORE_CLIE__dlm.ind_cont_core_blqa__c IN (&#39;1&#39;) OR TBFS4ME_CADA_CONT_CORE_CLIE__dlm.ind_cont_core_cdtd__c IN (&#39;T&#39;) OR DATEDIFF(NOW(),TBFS4ME_CADA_CONT_CORE_CLIE__dlm.Data_Encerramento_Conta__c)&gt;=0) THEN 1 ELSE 0 END AS exclusao__c FROM TBFS4ME_CADA_CONT_CORE_CLIE__dlm WHERE TBFS4ME_CADA_CONT_CORE_CLIE__dlm.cod_sgto_cont_core_clie__c IN (&#39;3&#39;,&#39;L&#39;,&#39;4&#39;) AND TBFS4ME_CADA_CONT_CORE_CLIE__dlm.ind_tipo_cont_banc__c IN (&#39;C&#39;) AND DATEDIFF(NOW(),TBFS4ME_CADA_CONT_CORE_CLIE__dlm.Data_Abertura_Conta__c) &lt;=60 ) AS CONTAS_TRAT WHERE CONTAS_TRAT.exclusao__c = 0 ) AS CONTAS LEFT JOIN ( SELECT EXCLUSAO_01_TRAT.cod_chav_coro_clie__c AS cod_chav_coro_clie__c, MIN(EXCLUSAO_01_TRAT.Data_Abertura_Conta__c) AS Data_Abertura_Conta_Antiga__c FROM ( SELECT TBFS4ME_CADA_CONT_CORE_CLIE__dlm.cod_chav_coro_clie__c AS cod_chav_coro_clie__c, TBFS4ME_CADA_CONT_CORE_CLIE__dlm.Chave_Conta_Corrente__c AS Chave_Conta_Corrente__c, TBFS4ME_CADA_CONT_CORE_CLIE__dlm.Data_Abertura_Conta__c AS Data_Abertura_Conta__c, CASE WHEN ( TBFS4ME_CADA_CONT_CORE_CLIE__dlm.ind_cont_core_enrr__c IN (&#39;1&#39;) OR TBFS4ME_CADA_CONT_CORE_CLIE__dlm.ind_cont_core_spol__c IN (&#39;1&#39;) OR TBFS4ME_CADA_CONT_CORE_CLIE__dlm.ind_cont_core_blqa__c IN (&#39;1&#39;) OR TBFS4ME_CADA_CONT_CORE_CLIE__dlm.ind_cont_core_cdtd__c IN (&#39;T&#39;) OR DATEDIFF(NOW(),TBFS4ME_CADA_CONT_CORE_CLIE__dlm.Data_Encerramento_Conta__c)&gt;=0) THEN 1 ELSE 0 END AS exclusao__c FROM TBFS4ME_CADA_CONT_CORE_CLIE__dlm WHERE (TBFS4ME_CADA_CONT_CORE_CLIE__dlm.cod_sgto_cont_core_clie__c IN (&#39;3&#39;,&#39;L&#39;,&#39;4&#39;) AND TBFS4ME_CADA_CONT_CORE_CLIE__dlm.ind_tipo_cont_banc__c IN (&#39;C&#39;) AND DATEDIFF(NOW(),TBFS4ME_CADA_CONT_CORE_CLIE__dlm.Data_Abertura_Conta__c) &gt;60 AND DATEDIFF(NOW(),TBFS4ME_CADA_CONT_CORE_CLIE__dlm.Data_Abertura_Conta__c) &lt;=240) ) AS EXCLUSAO_01_TRAT WHERE EXCLUSAO_01_TRAT.exclusao__c = 0 GROUP BY EXCLUSAO_01_TRAT.cod_chav_coro_clie__c ) AS EXCLUSAO_01 ON CONTAS.cod_chav_coro_clie__c=EXCLUSAO_01.cod_chav_coro_clie__c LEFT JOIN (SELECT TBFS4ME_CADA_CONT_CORE_CLIE__dlm.cod_chav_coro_clie__c AS cod_chav_coro_clie__c FROM TBFS4ME_CADA_CONT_CORE_CLIE__dlm WHERE TBFS4ME_CADA_CONT_CORE_CLIE__dlm.cod_sgto_cont_core_clie__c IN (&#39;7&#39;) )AS EXCLUSAO_02 ON CONTAS.cod_chav_coro_clie__c=EXCLUSAO_02.cod_chav_coro_clie__c WHERE EXCLUSAO_02.cod_chav_coro_clie__c IS NULL ) AS CONTA_FINAL WHERE CONTA_FINAL.RN__c = 1 ) AS CLIENTE LEFT JOIN ( SELECT PIX_01.cod_chav_coro_clie__c AS cod_chav_coro_clie__c, CASE WHEN SUM(CASE WHEN PIX_01.cod_tipo_chav_pix__c IN (&#39;PHONE&#39;,&#39;CPF&#39;,&#39;CNPJ&#39;,&#39;EMAIL&#39;) THEN 1 ELSE 0 END) &gt;0 THEN 1 ELSE 0 END AS chave_forte__c, CASE WHEN SUM(CASE WHEN PIX_01.cod_tipo_chav_pix__c IN (&#39;EVP&#39;) THEN 1 ELSE 0 END) &gt;0 THEN 1 ELSE 0 END AS chave_aleatoria__c FROM ( SELECT DISTINCT Cadastro_Chave_PIX__dlm.cod_chav_coro_clie__c AS cod_chav_coro_clie__c, Cadastro_Chave_PIX__dlm.cod_tipo_chav_pix__c AS cod_tipo_chav_pix__c FROM Cadastro_Chave_PIX__dlm WHERE Cadastro_Chave_PIX__dlm.des_situ_cada_chav_dict__c IN (&#39;SUCESSO&#39;) ) AS PIX_01 GROUP BY PIX_01.cod_chav_coro_clie__c ) AS PIX_FINAL ON CLIENTE.cod_chav_coro_clie__c=PIX_FINAL.cod_chav_coro_clie__c LEFT JOIN ( SELECT DISTINCT OPF_02.cod_chav_coro_clie__c AS cod_chav_coro_clie__c, OPF_02.dat_soli_cotm_clet_info_finn__c AS dat_soli_cotm_clet_info_finn__c FROM ( SELECT OPF_01.cod_chav_coro_clie__c AS cod_chav_coro_clie__c, OPF_01.dat_soli_cotm_clet_info_finn__c AS dat_soli_cotm_clet_info_finn__c, ROW_NUMBER() OVER(PARTITION BY OPF_01.cod_chav_coro_clie__c ORDER BY OPF_01.dat_soli_cotm_clet_info_finn__c DESC) AS RN FROM ( SELECT Clientes_OPF_Consentimentos__dlm.cod_chav_coro_clie__c AS cod_chav_coro_clie__c, MAX(Clientes_OPF_Consentimentos__dlm.dat_soli_cotm_clet_info_finn__c) AS dat_soli_cotm_clet_info_finn__c FROM Clientes_OPF_Consentimentos__dlm WHERE Clientes_OPF_Consentimentos__dlm.Nome_Marca_Interna__c IN (&#39;Itaú&#39;) AND Clientes_OPF_Consentimentos__dlm.des_situ_cotm_cslt_info_finn__c IN (&#39;ATIVO&#39;) GROUP BY Clientes_OPF_Consentimentos__dlm.cod_chav_coro_clie__c ) AS OPF_01 ) AS OPF_02 WHERE OPF_02.RN = 1 ) AS OPEN_FINANCE ON CLIENTE.cod_chav_coro_clie__c=OPEN_FINANCE.cod_chav_coro_clie__c LEFT JOIN ( SELECT Aceite_DDA__dlm.COD_CHAV_CORO_CLIE__c AS cod_chav_coro_clie__c, MAX(Aceite_DDA__dlm.DAT_ULTI_ATUI_DDA__c) AS DAT_ULTI_ATUI_DDA__c FROM Aceite_DDA__dlm WHERE Aceite_DDA__dlm.DES_ESTD_ACEE_DDA__c IN (&#39;ATIVO&#39;) GROUP BY Aceite_DDA__dlm.COD_CHAV_CORO_CLIE__c ) AS DDA_FINAL ON CLIENTE.cod_chav_coro_clie__c=DDA_FINAL.cod_chav_coro_clie__c WHERE CLIENTE.Diferenca_Contas__c &gt;= 175 ) AS FINAL LEFT JOIN TBFS4ME_CADA_CONT_CORE_CLIE__dlm ON TBFS4ME_CADA_CONT_CORE_CLIE__dlm.Chave_Conta_Corrente__c = FINAL.Chave_Conta_Corrente__c LEFT JOIN ssot__Individual__dlm ON ssot__Individual__dlm.ssot__Id__c = FINAL.cod_chav_coro_clie__c GROUP BY TBFS4ME_CADA_CONT_CORE_CLIE__dlm.Chave_Conta_Corrente__c, ssot__Individual__dlm.ssot__Id__c"
Publico_Segmento_Aquisicao__cio,Publico Segmento Aquisicao,,NONE,"SELECT ssot__Individual__dlm.ssot__Id__c as IndividualId__c, FIRST(sub1.id_campanha__c) as id_campanha__c FROM (SELECT ssot__Individual__dlm.ssot__Id__c as IndividualId__c, case when Tabela_Visao_Propensao__dlm.NOM_PROD_PRPS__c = &#39;Cartão DWP AZUL&#39; and Tabela_Visao_Propensao__dlm.C_digo_Cluster__c in (&#39;9&#39;, &#39;10&#39;) then &#39;dwp azul heavy user&#39; when Tabela_Visao_Propensao__dlm.NOM_PROD_PRPS__c = &#39;Cartão DWP AZUL&#39; and Tabela_Visao_Propensao__dlm.C_digo_Cluster__c in (&#39;1&#39;, &#39;2&#39;) then &#39;dwp azul alta renda&#39; when Tabela_Visao_Propensao__dlm.NOM_PROD_PRPS__c = &#39;Cartão DWP AZUL&#39; and Tabela_Visao_Propensao__dlm.C_digo_Cluster__c in (&#39;3&#39;, &#39;4&#39;, &#39;5&#39;, &#39;6&#39;, &#39;7&#39;, &#39;8&#39;) then &#39;dwp azul moderado&#39; when Tabela_Visao_Propensao__dlm.NOM_PROD_PRPS__c = &#39;Cartão DWP GPA&#39; and Tabela_Visao_Propensao__dlm.C_digo_Cluster__c = &#39;4&#39; then &#39;dwp gpa meia cura&#39; when Tabela_Visao_Propensao__dlm.NOM_PROD_PRPS__c = &#39;Cartão DWP GPA&#39; and Tabela_Visao_Propensao__dlm.C_digo_Cluster__c = &#39;2&#39; then &#39;dwp gpa dionisio&#39; when Tabela_Visao_Propensao__dlm.NOM_PROD_PRPS__c = &#39;Cartão DWP GPA&#39; and Tabela_Visao_Propensao__dlm.C_digo_Cluster__c = &#39;3&#39; then &#39;dwp gpa mestre cervejeiro&#39; when Tabela_Visao_Propensao__dlm.NOM_PROD_PRPS__c = &#39;Cartão DWP GPA&#39; and Tabela_Visao_Propensao__dlm.C_digo_Cluster__c in (&#39;0&#39;, &#39;1&#39;) then &#39;dwp gpa faraway&#39; when Tabela_Visao_Propensao__dlm.NOM_PROD_PRPS__c = &#39;Cartão DWP GPA&#39; and Tabela_Visao_Propensao__dlm.C_digo_Cluster__c = &#39;5&#39; then &#39;dwp gpa heavy user&#39; when Tabela_Visao_Propensao__dlm.NOM_PROD_PRPS__c = &#39;Cartão DWP Latam&#39; then &#39;dwp latam&#39; when Tabela_Visao_Propensao__dlm.Indicador_Potencial_Cliente_GPA__c = &#39;0&#39; then &#39;dwp extra&#39; when Tabela_Visao_Propensao__dlm.NOM_PROD_PRPS__c in (&#39;Abre Contas&#39;, &#39;Cluster Cartões&#39;) and ssot__Individual__dlm.C_digo_Agrupamento_Grupo_Cr_dito__c in (&#39;TARGET&#39;, &#39;SUPER TARGET&#39;) and Informa_es_De_Produtos_Do_Cliente__dlm.cod_chav_coro_clie__c is null then &#39;crossfeat cross&#39; when Tabela_Visao_Propensao__dlm.NOM_PROD_PRPS__c != &#39;Abre Contas&#39; and Tabela_Visao_Propensao__dlm.NOM_PROD_PRPS__c = &#39;Cluster Cartões&#39; and ssot__Individual__dlm.C_digo_Agrupamento_Grupo_Cr_dito__c in (&#39;TARGET&#39;, &#39;SUPER TARGET&#39;) and Informa_es_De_Produtos_Do_Cliente__dlm.cod_chav_coro_clie__c is null then &#39;crossfeat +cartao&#39; when Tabela_Visao_Propensao__dlm.NOM_PROD_PRPS__c = &#39;Abre Contas&#39; and Tabela_Visao_Propensao__dlm.NOM_PROD_PRPS__c != &#39;Cluster Cartões&#39; and ssot__Individual__dlm.C_digo_Agrupamento_Grupo_Cr_dito__c in (&#39;TARGET&#39;, &#39;SUPER TARGET&#39;) and Informa_es_De_Produtos_Do_Cliente__dlm.cod_chav_coro_clie__c is null then &#39;crossfeat +conta&#39; when Tabela_Visao_Propensao__dlm.NOM_PROD_PRPS__c = &#39;Abre Contas&#39; and Informa_es_De_Produtos_Do_Cliente__dlm.cod_chav_coro_clie__c is null then &#39;propensos só conta (alvo)&#39; when ssot__Individual__dlm.C_digo_Agrupamento_Grupo_Cr_dito__c in (&#39;TARGET&#39;, &#39;SUPER TARGET&#39;) and (Informa_es_De_Produtos_Do_Cliente__dlm.Classif_Valor_Parcela_Seguros__c is not null or Informa_es_De_Produtos_Do_Cliente__dlm.Classif_Valor_Parcela_de_Capitalizacao__c is not null or Informa_es_De_Produtos_Do_Cliente__dlm.Classif_Valor_Parcela_Veiculos__c is not null or Informa_es_De_Produtos_Do_Cliente__dlm.Classif_Valor_Parcela_Imobiliario__c is not null or Informa_es_De_Produtos_Do_Cliente__dlm.Classif_Valor_Parcela_Consignado__c is not null or Informa_es_De_Produtos_Do_Cliente__dlm.Classif_Valor_Parcela_Microcredito__c is not null or Informa_es_De_Produtos_Do_Cliente__dlm.Classif_Valor_Parcela_Crediario__c is not null) then &#39;modelo cachorros&#39; when Proposta_Cartao_Credito__dlm.dia_vcto_fatu_ccre__c is null and Proposta_Cartao_Credito__dlm.dat_cada_prpt__c &gt;= DATE_SUB(current_date(), 180) and Proposta_Cartao_Credito__dlm.nom_pace_crto__c in (&#39;Azul&#39;, &#39;Bruxelas&#39;) then &#39;surpreendido&#39; when ssot__Individual__dlm.C_digo_Agrupamento_Grupo_Cr_dito__c in (&#39;TARGET&#39;, &#39;SUPER TARGET&#39;) and tbhf9009_data_ppec_coph_dlm__dlm.ind_pose_csgd__c = &#39;1&#39; and tbhf9009_data_ppec_coph_dlm__dlm.ind_pose_finm_veic__c = &#39;1&#39; and tbhf9009_data_ppec_coph_dlm__dlm.ind_pose_crdi__c = &#39;1&#39; and tbhf9009_data_ppec_coph_dlm__dlm.ind_pose_csrc__c = &#39;1&#39; and tbhf9009_data_ppec_coph_dlm__dlm.ind_pose_imol__c = &#39;1&#39; and tbhf9009_data_ppec_coph_dlm__dlm.ind_pose_cpsc__c = &#39;1&#39; and tbhf9009_data_ppec_coph_dlm__dlm.ind_pose_mcto__c = &#39;1&#39; then &#39;remains monoliner target&#39; when tbhf9009_data_ppec_coph_dlm__dlm.ind_pose_csgd__c = &#39;1&#39; and tbhf9009_data_ppec_coph_dlm__dlm.ind_pose_finm_veic__c = &#39;1&#39; and tbhf9009_data_ppec_coph_dlm__dlm.ind_pose_crdi__c = &#39;1&#39; and tbhf9009_data_ppec_coph_dlm__dlm.ind_pose_csrc__c = &#39;1&#39; and tbhf9009_data_ppec_coph_dlm__dlm.ind_pose_imol__c = &#39;1&#39; and tbhf9009_data_ppec_coph_dlm__dlm.ind_pose_cpsc__c = &#39;1&#39; and tbhf9009_data_ppec_coph_dlm__dlm.ind_pose_mcto__c = &#39;1&#39; and Renda_Eleita__dlm.VLR_REND_ELTO__c &gt; 4000 then &#39;remains monoliner alvo&#39; when ssot__Individual__dlm.C_digo_Agrupamento_Grupo_Cr_dito__c in (&#39;TARGET&#39;, &#39;SUPER TARGET&#39;) then &#39;remains prospect target&#39; when Renda_Eleita__dlm.VLR_REND_ELTO__c &gt; 4000 then &#39;remains prospect alvo&#39; else &#39;none&#39; end as id_campanha__c FROM ssot__Individual__dlm LEFT JOIN Tabela_Visao_Propensao__dlm ON ssot__Individual__dlm.ssot__Id__c = Tabela_Visao_Propensao__dlm.COD_CHAV_CORO_CLIE__c LEFT JOIN Renda_Eleita__dlm ON ssot__Individual__dlm.ssot__Id__c = Renda_Eleita__dlm.COD_CHAV_CORO_CLIE__c LEFT JOIN Informa_es_De_Produtos_Do_Cliente__dlm ON ssot__Individual__dlm.ssot__Id__c = Informa_es_De_Produtos_Do_Cliente__dlm.cod_chav_coro_clie__c LEFT JOIN Proposta_Cartao_Credito__dlm ON ssot__Individual__dlm.ssot__Id__c = Proposta_Cartao_Credito__dlm.cod_chav_coro_clie__c LEFT JOIN Pre_Negado_Cartao__dlm ON ssot__Individual__dlm.ssot__Id__c = Pre_Negado_Cartao__dlm.cod_chav_coro_clie__c LEFT JOIN tbhf9009_data_ppec_coph_dlm__dlm ON ssot__Individual__dlm.ssot__Id__c = tbhf9009_data_ppec_coph_dlm__dlm.cod_chav_coro_clie__c) as sub1 INNER JOIN ssot__Individual__dlm ON ssot__Individual__dlm.ssot__Id__c = sub1.IndividualId__c WHERE sub1.id_campanha__c != &#39;none&#39; GROUP BY IndividualId__c"
Valor_Pre_Aprovado_Veic_v2__cio,Valor Pre Aprovado Veic v2,2025-09-26T19:26:06.000Z,SUCCESS,"SELECT ssot__Individual__dlm.ssot__Id__c as IndividualId__c, Pre_Aprovado_Exclusao_Comercial__dlm.COD_AGRU_PROD_ITAU_PAPR__c as CodProdPA__c, SUM( Pre_Aprovado_Exclusao_Comercial__dlm.Indicador_Limite_Produto_PA__c ) as ValorLimSumPA__c, MIN( Pre_Aprovado_Exclusao_Comercial__dlm.Indicador_Limite_Produto_PA__c ) as ValorLimPA__c, COUNT( Pre_Aprovado_Exclusao_Comercial__dlm.id__c ) as RowCount__c FROM Pre_Aprovado_Exclusao_Comercial__dlm INNER JOIN ssot__Individual__dlm ON (Pre_Aprovado_Exclusao_Comercial__dlm.COD_CHAV_CORO_CLIE__c = ssot__Individual__dlm.ssot__Id__c) WHERE Pre_Aprovado_Exclusao_Comercial__dlm.COD_AGRU_PROD_ITAU_PAPR__c = &#39;040&#39; GROUP BY IndividualId__c, CodProdPA__c"
RANDOM_SCORE__cio,RANDOM SCORE,2025-09-26T15:24:34.000Z,ERROR,"SELECT Sugestao_CNPJ__dlm.cod_chav_coro_clie__c AS IndividualId__c, MAX(RAND()) AS RANDOM__c FROM Sugestao_CNPJ__dlm GROUP BY IndividualId__c"
Priorizao_IP_Conta_Corrente__cio,Priorização IP Conta Corrente,2025-09-26T19:26:06.000Z,SUCCESS,"SELECT TBFS4ME_CADA_CONT_CORE_CLIE__dlm.id__c as ContaCorrente__c, FIRST(Y.CodProduto) AS CodProduto__c FROM ( SELECT X.cod_chav_coro_clie AS CodChaveCoprClie, X.cod_prod_ccre AS CodProduto, ROW_NUMBER() OVER ( PARTITION BY X.cod_chav_coro_clie ORDER BY X.prioridade ASC ) AS rowNum FROM ( SELECT Cadastro_Cartao_de_Credito__dlm.cod_chav_coro_clie__c AS cod_chav_coro_clie, informa_o_Cadastral_CHPRAS__dlm.cod_prod_ccre__c AS cod_prod_ccre, CASE WHEN informa_o_Cadastral_CHPRAS__dlm.cod_prod_ccre__c = &#39;01862&#39; THEN 1 WHEN informa_o_Cadastral_CHPRAS__dlm.cod_prod_ccre__c = &#39;01290&#39; THEN 2 WHEN informa_o_Cadastral_CHPRAS__dlm.cod_prod_ccre__c = &#39;01196&#39; THEN 3 WHEN informa_o_Cadastral_CHPRAS__dlm.cod_prod_ccre__c = &#39;01288&#39; THEN 4 WHEN informa_o_Cadastral_CHPRAS__dlm.cod_prod_ccre__c = &#39;01296&#39; THEN 5 WHEN informa_o_Cadastral_CHPRAS__dlm.cod_prod_ccre__c = &#39;01197&#39; THEN 6 WHEN informa_o_Cadastral_CHPRAS__dlm.cod_prod_ccre__c = &#39;01289&#39; THEN 7 WHEN informa_o_Cadastral_CHPRAS__dlm.cod_prod_ccre__c = &#39;01287&#39; THEN 8 WHEN informa_o_Cadastral_CHPRAS__dlm.cod_prod_ccre__c = &#39;01883&#39; THEN 9 WHEN informa_o_Cadastral_CHPRAS__dlm.cod_prod_ccre__c = &#39;01286&#39; THEN 10 WHEN informa_o_Cadastral_CHPRAS__dlm.cod_prod_ccre__c = &#39;04331&#39; THEN 11 WHEN informa_o_Cadastral_CHPRAS__dlm.cod_prod_ccre__c = &#39;01341&#39; THEN 12 WHEN informa_o_Cadastral_CHPRAS__dlm.cod_prod_ccre__c = &#39;00794&#39; THEN 13 WHEN informa_o_Cadastral_CHPRAS__dlm.cod_prod_ccre__c = &#39;00910&#39; THEN 14 WHEN informa_o_Cadastral_CHPRAS__dlm.cod_prod_ccre__c = &#39;00797&#39; THEN 15 WHEN informa_o_Cadastral_CHPRAS__dlm.cod_prod_ccre__c = &#39;01892&#39; THEN 16 WHEN informa_o_Cadastral_CHPRAS__dlm.cod_prod_ccre__c = &#39;01343&#39; THEN 17 WHEN informa_o_Cadastral_CHPRAS__dlm.cod_prod_ccre__c = &#39;00911&#39; THEN 18 WHEN informa_o_Cadastral_CHPRAS__dlm.cod_prod_ccre__c = &#39;01340&#39; THEN 19 WHEN informa_o_Cadastral_CHPRAS__dlm.cod_prod_ccre__c = &#39;01342&#39; THEN 20 WHEN informa_o_Cadastral_CHPRAS__dlm.cod_prod_ccre__c = &#39;00798&#39; THEN 21 WHEN informa_o_Cadastral_CHPRAS__dlm.cod_prod_ccre__c = &#39;00909&#39; THEN 22 WHEN informa_o_Cadastral_CHPRAS__dlm.cod_prod_ccre__c = &#39;01889&#39; THEN 23 WHEN informa_o_Cadastral_CHPRAS__dlm.cod_prod_ccre__c = &#39;00908&#39; THEN 24 WHEN informa_o_Cadastral_CHPRAS__dlm.cod_prod_ccre__c = &#39;01864&#39; THEN 25 ELSE 26 END AS prioridade FROM Cadastro_Cartao_de_Credito__dlm INNER JOIN informa_o_Cadastral_CHPRAS__dlm ON Cadastro_Cartao_de_Credito__dlm.num_cont_crto__c = informa_o_Cadastral_CHPRAS__dlm.num_cont_prod_clie__c WHERE informa_o_Cadastral_CHPRAS__dlm.cod_prod_ccre__c = &#39;01862&#39; OR informa_o_Cadastral_CHPRAS__dlm.cod_prod_ccre__c = &#39;01290&#39; OR informa_o_Cadastral_CHPRAS__dlm.cod_prod_ccre__c = &#39;01196&#39; OR informa_o_Cadastral_CHPRAS__dlm.cod_prod_ccre__c = &#39;01288&#39; OR informa_o_Cadastral_CHPRAS__dlm.cod_prod_ccre__c = &#39;01296&#39; OR informa_o_Cadastral_CHPRAS__dlm.cod_prod_ccre__c = &#39;01197&#39; OR informa_o_Cadastral_CHPRAS__dlm.cod_prod_ccre__c = &#39;01289&#39; OR informa_o_Cadastral_CHPRAS__dlm.cod_prod_ccre__c = &#39;01287&#39; OR informa_o_Cadastral_CHPRAS__dlm.cod_prod_ccre__c = &#39;01883&#39; OR informa_o_Cadastral_CHPRAS__dlm.cod_prod_ccre__c = &#39;01286&#39; OR informa_o_Cadastral_CHPRAS__dlm.cod_prod_ccre__c = &#39;04331&#39; OR informa_o_Cadastral_CHPRAS__dlm.cod_prod_ccre__c = &#39;01341&#39; OR informa_o_Cadastral_CHPRAS__dlm.cod_prod_ccre__c = &#39;00794&#39; OR informa_o_Cadastral_CHPRAS__dlm.cod_prod_ccre__c = &#39;00910&#39; OR informa_o_Cadastral_CHPRAS__dlm.cod_prod_ccre__c = &#39;00797&#39; OR informa_o_Cadastral_CHPRAS__dlm.cod_prod_ccre__c = &#39;01892&#39; OR informa_o_Cadastral_CHPRAS__dlm.cod_prod_ccre__c = &#39;01343&#39; OR informa_o_Cadastral_CHPRAS__dlm.cod_prod_ccre__c = &#39;00911&#39; OR informa_o_Cadastral_CHPRAS__dlm.cod_prod_ccre__c = &#39;01340&#39; OR informa_o_Cadastral_CHPRAS__dlm.cod_prod_ccre__c = &#39;01342&#39; OR informa_o_Cadastral_CHPRAS__dlm.cod_prod_ccre__c = &#39;00798&#39; OR informa_o_Cadastral_CHPRAS__dlm.cod_prod_ccre__c = &#39;00909&#39; OR informa_o_Cadastral_CHPRAS__dlm.cod_prod_ccre__c = &#39;01889&#39; OR informa_o_Cadastral_CHPRAS__dlm.cod_prod_ccre__c = &#39;00908&#39; OR informa_o_Cadastral_CHPRAS__dlm.cod_prod_ccre__c = &#39;01864&#39; ) X ) Y INNER JOIN TBFS4ME_CADA_CONT_CORE_CLIE__dlm ON TBFS4ME_CADA_CONT_CORE_CLIE__dlm.cod_chav_coro_clie__c = Y.CodChaveCoprClie WHERE Y.rowNum = 1 GROUP BY TBFS4ME_CADA_CONT_CORE_CLIE__dlm.id__c"
priorizao_cartes_viagem__cio,Priorização Cartões IP Viagem,2025-09-26T19:26:06.000Z,SUCCESS,"SELECT ssot__Individual__dlm.ssot__Id__c AS IdPessoa__c, FIRST(Y.CodProduto) AS CodProduto__c FROM ( SELECT X.cod_chav_coro_clie AS CodChaveCoprClie, X.cod_prod_ccre AS CodProduto, ROW_NUMBER() OVER ( PARTITION BY X.cod_chav_coro_clie ORDER BY X.prioridade ASC ) AS rowNum FROM ( SELECT Cadastro_Cartao_de_Credito__dlm.cod_chav_coro_clie__c AS cod_chav_coro_clie, informa_o_Cadastral_CHPRAS__dlm.cod_prod_ccre__c AS cod_prod_ccre, CASE WHEN informa_o_Cadastral_CHPRAS__dlm.cod_prod_ccre__c = &#39;01862&#39; THEN 1 WHEN informa_o_Cadastral_CHPRAS__dlm.cod_prod_ccre__c = &#39;01290&#39; THEN 2 WHEN informa_o_Cadastral_CHPRAS__dlm.cod_prod_ccre__c = &#39;01196&#39; THEN 3 WHEN informa_o_Cadastral_CHPRAS__dlm.cod_prod_ccre__c = &#39;01288&#39; THEN 4 WHEN informa_o_Cadastral_CHPRAS__dlm.cod_prod_ccre__c = &#39;01296&#39; THEN 5 WHEN informa_o_Cadastral_CHPRAS__dlm.cod_prod_ccre__c = &#39;01197&#39; THEN 6 WHEN informa_o_Cadastral_CHPRAS__dlm.cod_prod_ccre__c = &#39;01289&#39; THEN 7 WHEN informa_o_Cadastral_CHPRAS__dlm.cod_prod_ccre__c = &#39;01287&#39; THEN 8 WHEN informa_o_Cadastral_CHPRAS__dlm.cod_prod_ccre__c = &#39;01883&#39; THEN 9 WHEN informa_o_Cadastral_CHPRAS__dlm.cod_prod_ccre__c = &#39;01286&#39; THEN 10 WHEN informa_o_Cadastral_CHPRAS__dlm.cod_prod_ccre__c = &#39;04331&#39; THEN 11 WHEN informa_o_Cadastral_CHPRAS__dlm.cod_prod_ccre__c = &#39;01341&#39; THEN 12 WHEN informa_o_Cadastral_CHPRAS__dlm.cod_prod_ccre__c = &#39;00794&#39; THEN 13 WHEN informa_o_Cadastral_CHPRAS__dlm.cod_prod_ccre__c = &#39;00910&#39; THEN 14 WHEN informa_o_Cadastral_CHPRAS__dlm.cod_prod_ccre__c = &#39;00797&#39; THEN 15 WHEN informa_o_Cadastral_CHPRAS__dlm.cod_prod_ccre__c = &#39;01892&#39; THEN 16 WHEN informa_o_Cadastral_CHPRAS__dlm.cod_prod_ccre__c = &#39;01343&#39; THEN 17 WHEN informa_o_Cadastral_CHPRAS__dlm.cod_prod_ccre__c = &#39;00911&#39; THEN 18 WHEN informa_o_Cadastral_CHPRAS__dlm.cod_prod_ccre__c = &#39;01340&#39; THEN 19 WHEN informa_o_Cadastral_CHPRAS__dlm.cod_prod_ccre__c = &#39;01342&#39; THEN 20 WHEN informa_o_Cadastral_CHPRAS__dlm.cod_prod_ccre__c = &#39;00798&#39; THEN 21 WHEN informa_o_Cadastral_CHPRAS__dlm.cod_prod_ccre__c = &#39;00909&#39; THEN 22 WHEN informa_o_Cadastral_CHPRAS__dlm.cod_prod_ccre__c = &#39;01889&#39; THEN 23 WHEN informa_o_Cadastral_CHPRAS__dlm.cod_prod_ccre__c = &#39;00908&#39; THEN 24 WHEN informa_o_Cadastral_CHPRAS__dlm.cod_prod_ccre__c = &#39;01864&#39; THEN 25 ELSE 26 END AS prioridade FROM Cadastro_Cartao_de_Credito__dlm INNER JOIN informa_o_Cadastral_CHPRAS__dlm ON Cadastro_Cartao_de_Credito__dlm.num_cont_crto__c = informa_o_Cadastral_CHPRAS__dlm.num_cont_prod_clie__c WHERE informa_o_Cadastral_CHPRAS__dlm.cod_prod_ccre__c = &#39;01862&#39; OR informa_o_Cadastral_CHPRAS__dlm.cod_prod_ccre__c = &#39;01290&#39; OR informa_o_Cadastral_CHPRAS__dlm.cod_prod_ccre__c = &#39;01196&#39; OR informa_o_Cadastral_CHPRAS__dlm.cod_prod_ccre__c = &#39;01288&#39; OR informa_o_Cadastral_CHPRAS__dlm.cod_prod_ccre__c = &#39;01296&#39; OR informa_o_Cadastral_CHPRAS__dlm.cod_prod_ccre__c = &#39;01197&#39; OR informa_o_Cadastral_CHPRAS__dlm.cod_prod_ccre__c = &#39;01289&#39; OR informa_o_Cadastral_CHPRAS__dlm.cod_prod_ccre__c = &#39;01287&#39; OR informa_o_Cadastral_CHPRAS__dlm.cod_prod_ccre__c = &#39;01883&#39; OR informa_o_Cadastral_CHPRAS__dlm.cod_prod_ccre__c = &#39;01286&#39; OR informa_o_Cadastral_CHPRAS__dlm.cod_prod_ccre__c = &#39;04331&#39; OR informa_o_Cadastral_CHPRAS__dlm.cod_prod_ccre__c = &#39;01341&#39; OR informa_o_Cadastral_CHPRAS__dlm.cod_prod_ccre__c = &#39;00794&#39; OR informa_o_Cadastral_CHPRAS__dlm.cod_prod_ccre__c = &#39;00910&#39; OR informa_o_Cadastral_CHPRAS__dlm.cod_prod_ccre__c = &#39;00797&#39; OR informa_o_Cadastral_CHPRAS__dlm.cod_prod_ccre__c = &#39;01892&#39; OR informa_o_Cadastral_CHPRAS__dlm.cod_prod_ccre__c = &#39;01343&#39; OR informa_o_Cadastral_CHPRAS__dlm.cod_prod_ccre__c = &#39;00911&#39; OR informa_o_Cadastral_CHPRAS__dlm.cod_prod_ccre__c = &#39;01340&#39; OR informa_o_Cadastral_CHPRAS__dlm.cod_prod_ccre__c = &#39;01342&#39; OR informa_o_Cadastral_CHPRAS__dlm.cod_prod_ccre__c = &#39;00798&#39; OR informa_o_Cadastral_CHPRAS__dlm.cod_prod_ccre__c = &#39;00909&#39; OR informa_o_Cadastral_CHPRAS__dlm.cod_prod_ccre__c = &#39;01889&#39; OR informa_o_Cadastral_CHPRAS__dlm.cod_prod_ccre__c = &#39;00908&#39; OR informa_o_Cadastral_CHPRAS__dlm.cod_prod_ccre__c = &#39;01864&#39; ) X ) Y INNER JOIN ssot__Individual__dlm ON ssot__Individual__dlm.ssot__Id__c = Y.CodChaveCoprClie WHERE Y.rowNum = 1 GROUP BY ssot__Individual__dlm.ssot__Id__c"
Publico_Segmento_Recuperacao_Credito__cio,Publico Segmento Recuperacao Credito,2025-09-26T09:07:13.000Z,SUCCESS,"SELECT Recuperacao_de_Credito_PF__dlm.Codigo_Unico__c AS Codigo_Unico__c, FIRST(Recuperacao_de_Credito_PF__dlm.cod_chav_coro_clie__c) AS cod_chav_coro_clie__c, FIRST(Recuperacao_de_Credito_PF__dlm.id_campanha__c) AS id_campanha__c, FIRST(Recuperacao_de_Credito_PF__dlm.cod_prod_lgdo__c) AS cod_prod_lgdo__c, FIRST(Recuperacao_de_Credito_PF__dlm.dat_ulti_atrs__c) AS dat_ulti_atrs__c, FIRST(Recuperacao_de_Credito_PF__dlm.dat_inio_cobr__c) AS dat_inio_cobr__c, FIRST(Recuperacao_de_Credito_PF__dlm.dat_vcto_ctrt__c) AS dat_vcto_ctrt__c, FIRST(Recuperacao_de_Credito_PF__dlm.Dat_Vcto_Parc__c) AS Dat_Vcto_Parc__c, FIRST(Recuperacao_de_Credito_PF__dlm.num_ctrt_prod_opcr__c) AS num_ctrt_prod_opcr__c, FIRST(Recuperacao_de_Credito_PF__dlm.Qtd_Dia_Atrs__c) AS Qtd_Dia_Atrs__c, FIRST(Recuperacao_de_Credito_PF__dlm.qtd_parc_atrs_aber_ctrt__c) AS qtd_parc_atrs_aber_ctrt__c, FIRST(Recuperacao_de_Credito_PF__dlm.qtd_parc_pago_ctrt__c) AS qtd_parc_pago_ctrt__c, FIRST(Recuperacao_de_Credito_PF__dlm.vlr_divi_ctrt__c) AS vlr_divi_ctrt__c, FIRST(Recuperacao_de_Credito_PF__dlm.vlr_parc_opcr__c) AS vlr_parc_opcr__c, FIRST(Recuperacao_de_Credito_PF__dlm.vlr_sald_atul__c) AS vlr_sald_atul__c, MAX(SUB1.promessa__c) AS promessa__c FROM ( SELECT Promessas_Op_Recuperacao_Credito_Cli__dlm.cod_chav_coro_clie__c AS cod_chav_coro_clie__c, CASE WHEN datediff(Promessas_Op_Recuperacao_Credito_Cli__dlm.dat_vcto_titl__c, CURRENT_DATE()) &gt; -15 THEN 1 ELSE 0 END AS promessa__c FROM Promessas_Op_Recuperacao_Credito_Cli__dlm ) AS SUB1 INNER JOIN Recuperacao_de_Credito_PF__dlm ON Recuperacao_de_Credito_PF__dlm.cod_chav_coro_clie__c = SUB1.cod_chav_coro_clie__c GROUP BY Recuperacao_de_Credito_PF__dlm.Codigo_Unico__c"
Setup_Inicio_Relacionamento_CartaoIA__cio,Setup_Inicio_Relacionamento_CartaoIA,2025-09-26T12:06:02.000Z,SUCCESS,"SELECT informa_o_Cadastral_CHPRAS__dlm.num_cont_prod_clie__c AS num_cont_prod_clie__c, ssot__Individual__dlm.ssot__Id__c AS cod_chav_coro_clie__c, FIRST(FINAL.cod_chav_coro_clie__c) AS idcliente__c, FIRST(FINAL.num_cont_prod_clie__c) AS num_conta_cartao__c, FIRST(FINAL.cod_sgto_cont_core_clie__c) AS cod_sgto_cont_core_clie__c, FIRST(FINAL.Data_Abertura_Conta__c) AS Data_Abertura_Conta_Cartao__c, FIRST(FINAL.cod_prod_ccre__c) AS cod_prod_ccre__c, FIRST(FINAL.Nome_Produto_Parceiro__c) AS Nome_Produto_Parceiro__c, FIRST(FINAL.vlr_limi_dspz_ccor__c) AS vlr_limi_dspz_ccor__c, FIRST(FINAL.Valor_Total_Fatura_Cartao_Credito__c) AS Valor_Total_Fatura_Cartao_Credito__c, FIRST(FINAL.Data_Primeira_Compra_Cart_o_Cr_dito__c) AS Data_Primeira_Compra_Cart_o_Cr_dito__c, FIRST(FINAL.dat_ulti_copr__c) AS dat_ulti_copr__c, FIRST(FINAL.Ind_Assinatura_Contrato_Deb_Autom_tico__c) AS Ind_Assinatura_Contrato_Deb_Autom_tico__c, FIRST(FINAL.nom_plat_ccre__c) AS nom_plat_ccre__c, FIRST(FINAL.Dia_Vencimento_Fatura_Cart_o__c) AS Dia_Vencimento_Fatura_Cart_o__c, FIRST(FINAL.num_crto__c) AS num_crto__c, FIRST(FINAL.dat_emis_plas_crto__c) AS dat_emis_plas_crto__c, FIRST(FINAL.Data_Desbloqueio_Cart_o__c) AS Data_Desbloqueio_Cart_o__c, FIRST(informa_o_Cadastral_CHPRAS__dlm.Data_Minima_Desbloqueio_Cartao_CHPRAS__c) AS Data_Minima_Desbloqueio_Cartao_CHPRAS__c, FIRST(FINAL.idt_utiz_crto_virt__c) AS idt_utiz_crto_virt__c, FIRST(FINAL.idt_utiz_wllt__c) AS idt_utiz_wllt__c, FIRST(FINAL.ind_stat_cont_norl__c) AS ind_stat_cont_norl__c FROM ( SELECT PRIORIZACAO.cod_chav_coro_clie__c AS cod_chav_coro_clie__c, PRIORIZACAO.num_cont_prod_clie__c AS num_cont_prod_clie__c, PRIORIZACAO.cod_sgto_cont_core_clie__c AS cod_sgto_cont_core_clie__c, PRIORIZACAO.Data_Abertura_Conta__c AS Data_Abertura_Conta__c, PRIORIZACAO.cod_prod_ccre__c AS cod_prod_ccre__c, PRIORIZACAO.Nome_Produto_Parceiro__c AS Nome_Produto_Parceiro__c, PRIORIZACAO.vlr_limi_dspz_ccor__c AS vlr_limi_dspz_ccor__c, PRIORIZACAO.Valor_Total_Fatura_Cartao_Credito__c AS Valor_Total_Fatura_Cartao_Credito__c, PRIORIZACAO.Data_Primeira_Compra_Cart_o_Cr_dito__c AS Data_Primeira_Compra_Cart_o_Cr_dito__c, PRIORIZACAO.dat_ulti_copr__c AS dat_ulti_copr__c, PRIORIZACAO.Ind_Assinatura_Contrato_Deb_Autom_tico__c AS Ind_Assinatura_Contrato_Deb_Autom_tico__c, PRIORIZACAO.nom_plat_ccre__c AS nom_plat_ccre__c, PRIORIZACAO.Dia_Vencimento_Fatura_Cart_o__c AS Dia_Vencimento_Fatura_Cart_o__c, PRIORIZACAO.num_crto__c AS num_crto__c, PRIORIZACAO.dat_emis_plas_crto__c AS dat_emis_plas_crto__c, PRIORIZACAO.Data_Desbloqueio_Cart_o__c AS Data_Desbloqueio_Cart_o__c, PRIORIZACAO.idt_utiz_crto_virt__c AS idt_utiz_crto_virt__c, PRIORIZACAO.idt_utiz_wllt__c AS idt_utiz_wllt__c, PRIORIZACAO.ind_stat_cont_norl__c AS ind_stat_cont_norl__c, ROW_NUMBER() OVER(PARTITION BY PRIORIZACAO.cod_chav_coro_clie__c ORDER BY PRIORIZACAO.Data_Abertura_Conta__c DESC, PRIORIZACAO.prioridade_conta__c ASC) AS RN__c FROM ( SELECT CONTA_CARTAO.cod_chav_coro_clie__c AS cod_chav_coro_clie__c, CONTA_CARTAO.num_cont_prod_clie__c AS num_cont_prod_clie__c, CONTA_CARTAO.cod_sgto_cont_core_clie__c AS cod_sgto_cont_core_clie__c, CONTA_CARTAO.cod_prod_ccre__c AS cod_prod_ccre__c, CONTA_CARTAO.Nome_Produto_Parceiro__c AS Nome_Produto_Parceiro__c, CONTA_CARTAO.vlr_limi_dspz_ccor__c AS vlr_limi_dspz_ccor__c, CONTA_CARTAO.Valor_Total_Fatura_Cartao_Credito__c AS Valor_Total_Fatura_Cartao_Credito__c, CONTA_CARTAO.Data_Primeira_Compra_Cart_o_Cr_dito__c AS Data_Primeira_Compra_Cart_o_Cr_dito__c, CONTA_CARTAO.dat_ulti_copr__c AS dat_ulti_copr__c, CONTA_CARTAO.Ind_Assinatura_Contrato_Deb_Autom_tico__c AS Ind_Assinatura_Contrato_Deb_Autom_tico__c, CONTA_CARTAO.nom_plat_ccre__c AS nom_plat_ccre__c, CONTA_CARTAO.Dia_Vencimento_Fatura_Cart_o__c AS Dia_Vencimento_Fatura_Cart_o__c, PLASTICO_FINAL.num_crto__c AS num_crto__c, PLASTICO_FINAL.dat_emis_plas_crto__c AS dat_emis_plas_crto__c, PLASTICO_FINAL.Data_Desbloqueio_Cart_o__c AS Data_Desbloqueio_Cart_o__c, PAGAMENTOS.idt_utiz_crto_virt__c AS idt_utiz_crto_virt__c, PAGAMENTOS.idt_utiz_wllt__c AS idt_utiz_wllt__c, CONTA_CARTAO.ind_stat_cont_norl__c AS ind_stat_cont_norl__c, CONTA_CARTAO.prioridade_conta__c AS prioridade_conta__c, MAX(CONTA_CARTAO.Data_Abertura_Conta__c) AS Data_Abertura_Conta__c FROM ( SELECT Setup_Inicio_Relacionamento_Individual__cio.cod_chav_coro_clie__c AS cod_chav_coro_clie__c, informa_o_Cadastral_CHPRAS__dlm.num_cont_prod_clie__c AS num_cont_prod_clie__c, informa_o_Cadastral_CHPRAS__dlm.Data_Abertura_Conta__c AS Data_Abertura_Conta__c, informa_o_Cadastral_CHPRAS__dlm.cod_prod_ccre__c AS cod_prod_ccre__c, informa_o_Cadastral_CHPRAS__dlm.Nome_Produto_Parceiro__c AS Nome_Produto_Parceiro__c, informa_o_Cadastral_CHPRAS__dlm.vlr_limi_dspz_ccor__c AS vlr_limi_dspz_ccor__c, informa_o_Cadastral_CHPRAS__dlm.Valor_Total_Fatura_Cartao_Credito__c AS Valor_Total_Fatura_Cartao_Credito__c, informa_o_Cadastral_CHPRAS__dlm.Data_Primeira_Compra_Cart_o_Cr_dito__c AS Data_Primeira_Compra_Cart_o_Cr_dito__c, informa_o_Cadastral_CHPRAS__dlm.dat_ulti_copr__c AS dat_ulti_copr__c, informa_o_Cadastral_CHPRAS__dlm.Ind_Assinatura_Contrato_Deb_Autom_tico__c AS Ind_Assinatura_Contrato_Deb_Autom_tico__c, informa_o_Cadastral_CHPRAS__dlm.nom_plat_ccre__c nom_plat_ccre__c, informa_o_Cadastral_CHPRAS__dlm.Dia_Vencimento_Fatura_Cart_o__c Dia_Vencimento_Fatura_Cart_o__c, Setup_Inicio_Relacionamento_Individual__cio.cod_sgto_cont_core_clie__c AS cod_sgto_cont_core_clie__c, informa_o_Cadastral_CHPRAS__dlm.ind_stat_cont_norl__c AS ind_stat_cont_norl__c, CASE WHEN informa_o_Cadastral_CHPRAS__dlm.ind_stat_cont_norl__c IN (&#39;0&#39;,&#39;3&#39;,&#39;V&#39;,&#39;6&#39;) THEN 1 ELSE 2 END AS prioridade_conta__c, CASE WHEN DATEDIFF(NOW(),informa_o_Cadastral_CHPRAS__dlm.Data_Encerramento_Conta__c) &gt;0 THEN 1 ELSE 0 END AS exclusao__c FROM Setup_Inicio_Relacionamento_Individual__cio LEFT JOIN informa_o_Cadastral_CHPRAS__dlm ON informa_o_Cadastral_CHPRAS__dlm.cod_chav_coro_clie__c = Setup_Inicio_Relacionamento_Individual__cio.cod_chav_coro_clie__c WHERE informa_o_Cadastral_CHPRAS__dlm.cod_prod_ccre__c IN (&#39;00902&#39;,&#39;01867&#39;,&#39;00963&#39;,&#39;01577&#39;,&#39;01576&#39;) AND informa_o_Cadastral_CHPRAS__dlm.ind_stat_cont_norl__c IN (&#39;0&#39;,&#39;3&#39;,&#39;V&#39;,&#39;6&#39;,&#39;U&#39;) AND informa_o_Cadastral_CHPRAS__dlm.cod_chav_coro_clie__c = Setup_Inicio_Relacionamento_Individual__cio.cod_chav_coro_clie__c AND Setup_Inicio_Relacionamento_Individual__cio.cod_sgto_cont_core_clie__c IN (&#39;3&#39;) AND Setup_Inicio_Relacionamento_Individual__cio.Data_Abertura_Conta__c &lt;=informa_o_Cadastral_CHPRAS__dlm.Data_Abertura_Conta__c ) AS CONTA_CARTAO LEFT JOIN ( SELECT PLASTICO.cod_chav_coro_clie__c AS cod_chav_coro_clie__c, PLASTICO.num_cont_crto__c AS num_cont_crto__c, PLASTICO.num_crto__c AS num_crto__c, PLASTICO.dat_emis_plas_crto__c AS dat_emis_plas_crto__c, PLASTICO.Data_Desbloqueio_Cart_o__c AS Data_Desbloqueio_Cart_o__c, PLASTICO.ind_titr_ccre__c AS ind_titr_ccre__c, PLASTICO.ind_tipo_bloq_crto__c AS ind_tipo_bloq_crto__c, ROW_NUMBER() OVER(PARTITION BY PLASTICO.cod_chav_coro_clie__c,PLASTICO.num_cont_crto__c ORDER BY PLASTICO.dat_emis_plas_crto__c DESC) AS RN__c FROM ( SELECT Setup_Inicio_Relacionamento_Individual__cio.cod_chav_coro_clie__c AS cod_chav_coro_clie__c, Cadastro_Cartao_de_Credito__dlm.num_cont_crto__c AS num_cont_crto__c, Cadastro_Cartao_de_Credito__dlm.num_crto__c AS num_crto__c, Cadastro_Cartao_de_Credito__dlm.dat_emis_plas_crto__c AS dat_emis_plas_crto__c, Cadastro_Cartao_de_Credito__dlm.Data_Desbloqueio_Cart_o__c AS Data_Desbloqueio_Cart_o__c, Cadastro_Cartao_de_Credito__dlm.ind_titr_ccre__c AS ind_titr_ccre__c, Cadastro_Cartao_de_Credito__dlm.ind_tipo_bloq_crto__c AS ind_tipo_bloq_crto__c FROM Setup_Inicio_Relacionamento_Individual__cio LEFT JOIN Cadastro_Cartao_de_Credito__dlm ON Cadastro_Cartao_de_Credito__dlm.cod_chav_coro_clie__c = Setup_Inicio_Relacionamento_Individual__cio.cod_chav_coro_clie__c WHERE (Cadastro_Cartao_de_Credito__dlm.ind_titr_ccre__c IS NULL OR Cadastro_Cartao_de_Credito__dlm.ind_titr_ccre__c IN (&#39;0&#39;)) AND Setup_Inicio_Relacionamento_Individual__cio.cod_sgto_cont_core_clie__c IN (&#39;3&#39;) ) AS PLASTICO ) AS PLASTICO_FINAL ON CONTA_CARTAO.cod_chav_coro_clie__c=PLASTICO_FINAL.cod_chav_coro_clie__c AND CONTA_CARTAO.num_cont_prod_clie__c=PLASTICO_FINAL.num_cont_crto__c LEFT JOIN ( SELECT Info_de_Utiliza_o_Meios_de_Pagament__dlm.num_cont_prod_clie__c AS num_cont_prod_clie__c, Info_de_Utiliza_o_Meios_de_Pagament__dlm.idt_utiz_aprx__c AS idt_utiz_aprx__c, Info_de_Utiliza_o_Meios_de_Pagament__dlm.idt_utiz_crto_virt__c AS idt_utiz_crto_virt__c, Info_de_Utiliza_o_Meios_de_Pagament__dlm.idt_utiz_wllt__c AS idt_utiz_wllt__c FROM Info_de_Utiliza_o_Meios_de_Pagament__dlm ) AS PAGAMENTOS ON CONTA_CARTAO.num_cont_prod_clie__c=PAGAMENTOS.num_cont_prod_clie__c WHERE CONTA_CARTAO.exclusao__c = 0 AND PLASTICO_FINAL.RN__c = 1 GROUP BY CONTA_CARTAO.cod_chav_coro_clie__c, CONTA_CARTAO.num_cont_prod_clie__c, CONTA_CARTAO.cod_sgto_cont_core_clie__c, CONTA_CARTAO.cod_prod_ccre__c, CONTA_CARTAO.Nome_Produto_Parceiro__c, CONTA_CARTAO.vlr_limi_dspz_ccor__c, CONTA_CARTAO.Valor_Total_Fatura_Cartao_Credito__c, CONTA_CARTAO.Data_Primeira_Compra_Cart_o_Cr_dito__c, CONTA_CARTAO.dat_ulti_copr__c, CONTA_CARTAO.Ind_Assinatura_Contrato_Deb_Autom_tico__c, CONTA_CARTAO.nom_plat_ccre__c, CONTA_CARTAO.Dia_Vencimento_Fatura_Cart_o__c, PLASTICO_FINAL.num_crto__c, PLASTICO_FINAL.dat_emis_plas_crto__c, PLASTICO_FINAL.Data_Desbloqueio_Cart_o__c, PAGAMENTOS.idt_utiz_crto_virt__c, PAGAMENTOS.idt_utiz_wllt__c, CONTA_CARTAO.ind_stat_cont_norl__c, CONTA_CARTAO.prioridade_conta__c ) AS PRIORIZACAO ) AS FINAL LEFT JOIN ssot__Individual__dlm ON ssot__Individual__dlm.ssot__Id__c = FINAL.cod_chav_coro_clie__c LEFT JOIN informa_o_Cadastral_CHPRAS__dlm ON informa_o_Cadastral_CHPRAS__dlm.num_cont_prod_clie__c = FINAL.num_cont_prod_clie__c WHERE FINAL.RN__c = 1 GROUP BY informa_o_Cadastral_CHPRAS__dlm.num_cont_prod_clie__c , ssot__Individual__dlm.ssot__Id__c"
