id,createdbyid,createddate,name
1ds4X0000004CM7QAM,0054X00000EBO8lQAH,2022-10-18T19:30:55.000+0000,Like_Dislike
1ds4X0000004CPBQA2,0055e000001TZ7mAAG,2022-11-01T20:57:07.000+0000,WW2_Campanha__c_00D5e000000H8IV
1ds4X0000004CUkQAM,0055e000000G1TqAAK,2022-12-07T14:32:41.000+0000,WW2_Comunicacao__c_00D5e000000H8IV
1ds4X0000004CUpQAM,0055e000000G1TqAAK,2022-12-07T14:37:13.000+0000,WW2_Comunicacao_Criterio_00D5e000000H8IV
1ds4X0000004CUuQAM,0055e000000G1TqAAK,2022-12-07T14:39:56.000+0000,WW2_CriterioSucesso__c_00D5e000000H8IV
1ds4X0000004CUvQAM,0055e000000G1TqAAK,2022-12-07T14:41:07.000+0000,WW2_Produto__c_00D5e000000H8IV
1ds4X0000004CY8QAM,0054X00000E5QwCQAV,2023-01-11T15:16:02.000+0000,Recuperacao de Credito Dev-cliente-contrato-recup-cred_dev
1ds4X0000004CYDQA2,0054X00000E5QwCQAV,2023-01-11T15:27:57.000+0000,Recuperacao de Credito Hom-cliente-contrato-recup-cred_hom
1ds4X000000GmaOQAS,0055e000000G1TqAAK,2023-01-19T13:25:40.000+0000,WW2_Entregavel__c_00D5e000000H8IV
1ds4X000000GmbbQAC,0054X00000EBO8lQAH,2023-02-10T18:16:24.000+0000,SF5203
1ds4X000000GmdDQAS,0054X00000EBO8lQAH,2023-03-02T20:21:35.000+0000,Teste Integracao IS-testeintis
1ds4X000000GmdrQAC,0055e000007C1BHAA0,2023-03-06T20:37:09.000+0000,Order Event Items_testesync
1ds4X000000GmdsQAC,0055e000007C1BHAA0,2023-03-06T20:37:18.000+0000,Catalog Events_testesync
1ds4X000000GmduQAC,0055e000007C1BHAA0,2023-03-06T20:37:26.000+0000,Cart Event Items_testesync
1ds4X000000GmdwQAC,0055e000007C1BHAA0,2023-03-06T20:37:50.000+0000,Order Events_testesync
1ds4X000000GmdxQAC,0055e000007C1BHAA0,2023-03-06T20:37:56.000+0000,Cart Events_testesync
1ds4X000000TN3VQAW,0055e000007DWcfAAG,2023-05-05T18:57:59.000+0000,Pendencia Cadastral Dev-Pendencias-Cadastrais-de-Clientes-dev
1ds4X000000TN3kQAG,0055e000007DWcfAAG,2023-05-05T20:24:43.000+0000,Pendencia Cadastral Hom-Pendencias-Cadastrais-de-Clientes-hom
1ds4X000000TN4EQAW,0055e000007DWcfAAG,2023-05-22T15:21:16.000+0000,Pendencia Cadastral-Pendencias-Cadastrais-de-Clientes
1ds4X000000TN5HQAW,0054X00000EfmZCQAZ,2023-05-31T14:00:33.000+0000,tbhf90011_even_cana_digl-tbhf90011_even_cana_digl
1ds4X000000TN5MQAW,0054X00000EfmZCQAZ,2023-05-31T14:02:53.000+0000,tbhf90012_mvp_contasall-tbhf90012_mvp_contasall
1ds4X000000TN6UQAW,0054X00000EfmZCQAZ,2023-06-07T15:34:14.000+0000,tbhf90012_mvp_contasall_des-tbhf9001_mvp_contasall
1ds4X000000TN6ZQAW,0054X00000E5QwCQAV,2023-06-09T14:12:22.000+0000,Recuperacao de Credito PF-cliente-contrato-recup-cred
1ds4X000000TN7SQAW,0054X00000EfwJnQAJ,2023-06-16T13:59:11.000+0000,SMSSendLog Recuperacao de Credito Dev
1ds4X000000TN7XQAW,0054X00000EfwJnQAJ,2023-06-19T12:34:06.000+0000,NOT_SENT_C360_dev
1ds4X000000TN8GQAW,0054X00000EfwJnQAJ,2023-06-29T14:02:13.000+0000,EmailSendLogDev
1ds4X000000TN8QQAW,0054X00000EfwJnQAJ,2023-07-04T18:53:59.000+0000,SmsSendLog Recuperacao de Credito Hom
1ds4X000000TN8fQAG,0054X00000EfwJnQAJ,2023-07-05T18:33:40.000+0000,NOT_SENT_C360
1ds4X000000TN9EQAW,0054X00000EfwJnQAJ,2023-07-11T19:50:47.000+0000,NOT_SENT_C360_PF
1ds4X000000TN9JQAW,0054X00000EfwJnQAJ,2023-07-11T20:23:30.000+0000,TB_SendLog_Email_Recuperacao_Credito_PF
1ds4X000000TN9dQAG,0055e000007Dr0iAAC,2023-07-17T18:02:31.000+0000,tbhf9004_ctrt_ccor_adne-tbhf9004_ctrt_ccor_adne
1ds4X000000TNAWQA4,0055e000007Dr0iAAC,2023-07-20T17:21:22.000+0000,tbhf9001_agrg_mrke-tbhf9001_agrg_mrke
1ds4X000000TNAbQAO,0055e000007Dr0iAAC,2023-07-20T17:22:03.000+0000,tbhf9002_even_mrke_pgto_tran-tbhf9002_even_mrke_pgto_tran
1ds4X000000XZCIQA4,0055e000007DNcRAAW,2023-08-15T13:57:43.000+0000,DESC_MOBILE_FINAL
1ds4X000000XZEYQA4,0054X00000E5NxlQAF,2023-09-18T19:08:03.000+0000,tbhf9009_data_ppec_coph-tbhf9009_data_ppec_coph
1ds4X000000XZEnQAO,0054X00000EfWHMQA3,2023-09-22T19:21:54.000+0000,tbhf9012_info_cntc_crsl-tbhf9012_info_cntc_crsl
1ds4X000000XZFHQA4,0055e000007CR3PAAW,2023-09-25T20:29:22.000+0000,tbhf9003_cnfg_ccre_cccr-tbhf9003_cnfg_ccre_cccr
1ds4X000000XZFWQA4,0054X00000EfjeOQAR,2023-09-26T17:50:04.000+0000,tbhf9015_ofrt_envd_pcm_mboe-tbhf9015_ofrt_envd_pcm_mboe
1ds4X000000XZFbQAO,0054X00000Elr1lQAB,2023-09-27T18:01:46.000+0000,tbhf9007_efet_empt_pess_juri-tbhf9007_efet_empt_pess_juri
1ds4X000000XZFqQAO,0055e000007CR3PAAW,2023-09-29T14:12:02.000+0000,TBHF9ME_ACEE_CLIE_CMNC_PJUR
1ds4X000000XZFvQAO,0055e000007Dr0nAAC,2023-09-29T14:31:04.000+0000,tbhf9016_cada_wllt-tbhf9016_cada_wllt
1ds4X000000XZG0QAO,0054X00000ElqG1QAJ,2023-10-02T16:00:30.000+0000,tbhf9014_even_ccre_rete-tbhf9014_even_ccre_rete
1ds4X000000XZGFQA4,0054X00000Elr1lQAB,2023-10-06T14:59:37.000+0000,tbhf9018_mode_pote_fatm_adqe-tbhf9018_mode_pote_fatm_adqe
1ds4X000000XZGKQA4,0054X00000EfWHMQA3,2023-10-06T18:17:54.000+0000,tbhf9017_cont_finn-tbhf9017_cont_finn
1ds4X000000XZHwQAO,0054X00000EfWHMQA3,2023-10-27T19:16:27.000+0000,tbhf9023_info_tran_crbo-tbhf9023_info_tran_crbo
1ds4X000000XZI1QAO,0054X00000EfWHMQA3,2023-10-30T17:34:23.000+0000,tbhf9019_info_invt_difc_clas_ativ-tbhf9019_info_invt_difc_clas_ativ
1ds4X000000XZKHQA4,0054X00000EfWHMQA3,2023-11-13T14:09:45.000+0000,tbhf9031_info_tran_negd_crbo-tbhf9031_info_tran_negd_crbo
1ds4X000000XZKgQAO,0054X00000EfjeOQAR,2023-11-16T21:12:54.000+0000,tbhf9035_gest_ativ_pess_juri-tbhf9035_gest_ativ_pess_juri
1ds4X000000XZLPQA4,0055e000007Dr0iAAC,2023-11-24T18:01:11.000+0000,tbhf9027_info_aces_cana_mboe-tbhf9027_info_aces_cana_mboe
1ds4X000000XZLZQA4,0054X00000Elr1lQAB,2023-11-27T18:17:49.000+0000,tbhf9038_mode_midi_mnsl-tbhf9038_mode_midi_mnsl
1ds4X000000XZMDQA4,0055e000007C16bAAC,2023-11-29T15:28:04.000+0000,tbhf9033_prod_aces_pcis-tbhf9033_prod_aces_pcis
1ds4X000000XZMNQA4,0054X00000EBKgPQAX,2023-11-29T18:02:29.000+0000,tbhf9028_rede_tag_web-tbhf9028_rede_tag_web
1ds4X000000XZMXQA4,0055e000007C16bAAC,2023-11-30T11:43:33.000+0000,tbhf9025_nucl_ated_clie-tbhf9025_nucl_ated_clie
1ds4X000000XZMcQAO,0055e000007CR3PAAW,2023-11-30T15:19:22.000+0000,tbhf9041_ader_pgto_acto-tbhf9041_ader_pgto_acto
1ds4X000000XZN1QAO,0055e000007Dr0sAAC,2023-12-05T17:25:35.000+0000,tbhf9042_info_aces_cana_bnkl-tbhf9042_info_aces_cana_bnkl
1ds4X000000XZNGQA4,0055e000007C16bAAC,2023-12-08T18:18:26.000+0000,tbhf9037_opf_ind_cotm_outr_inca-tbhf9037_opf_ind_cotm_outr_inca
1ds4X000000XZNLQA4,0054X00000EBKgPQAX,2023-12-08T20:33:41.000+0000,tbhf9034_rede_pdv-tbhf9034_rede_pdv
1ds4X000000XZNRQA4,0054X00000EfjeOQAR,2023-12-11T12:13:00.000+0000,tbhf9039_vitl_pgto_recm-tbhf9039_vitl_pgto_recm
1ds4X000000XZNVQA4,0055e000007C16bAAC,2023-12-11T15:19:16.000+0000,tbhf9030_jorn_abet_cont-tbhf9030_jorn_abet_cont
1ds4X000000XZNkQAO,0055e000007C16bAAC,2023-12-12T17:40:25.000+0000,tbhf9036_idt_camp_acee_debt_sgnd_cont-tbhf9036_idt_camp_acee_debt_sgnd_cont
1ds4X000000XZOTQA4,0055e000007CR3PAAW,2023-12-15T18:29:06.000+0000,tbhf9013_crso_dmdo-tbhf9013_crso_dmdo
1ds4X000000XZOYQA4,0055e000007C16bAAC,2023-12-20T16:05:06.000+0000,tbhf9026_tabe_vrvl_pre_cont-tbhf9026_tabe_vrvl_pre_cont
1ds4X000000XZOdQAO,0055e000007Dr0nAAC,2023-12-21T13:15:40.000+0000,tbhf9054_egao_glob_clie_pfis-tbhf9054_egao_glob_clie_pfis
1ds4X000000XZOsQAO,0054X00000EBKgPQAX,2023-12-27T22:36:35.000+0000,tbhf9048_rede_ante_disi_diar-tbhf9048_rede_ante_disi_diar
1ds4X000000XZOxQAO,0054X00000EBKgPQAX,2023-12-27T22:52:29.000+0000,tbhf9055_rede_posi_diar_clie-tbhf9055_rede_posi_diar_clie
1ds4X000000XZP2QAO,0054X00000EBKgPQAX,2023-12-27T23:02:44.000+0000,tbhf9057_rede_orde_serv_logs-tbhf9057_rede_orde_serv_logs
1ds4X000000XZPCQA4,0055e000007C16bAAC,2023-12-28T19:24:44.000+0000,tbhf9051_ind_fide_prod_ulti_3_rsgt-tbhf9051_ind_fide_prod_ulti_3_rsgt
1ds4X000000XZPRQA4,0054X00000E5NyAQAV,2024-01-02T17:47:59.000+0000,tbhf9053_crho_abno_mrke_hist-tbhf9053_crho_abno_mrke_hist
1ds4X000000XZPgQAO,0055e000007C16bAAC,2024-01-05T18:49:48.000+0000,tbhf9046_tabe_pmro_rsgt_tipo_prod-tbhf9046_tabe_pmro_rsgt_tipo_prod
1ds4X000000XZQ0QAO,0055e000007C16bAAC,2024-01-15T12:58:22.000+0000,tbhf9050_tabe_toda_rsgt_tipo_prod-tbhf9050_tabe_toda_rsgt_tipo_prod
1ds4X000000XZQ5QAO,0054X00000ElqG1QAJ,2024-01-15T22:52:30.000+0000,tbhf9010_simu_prod_crho_aban-tbhf9010_simu_prod_crho_aban
1ds4X000000XZQAQA4,0054X00000EBKgPQAX,2024-01-16T18:12:25.000+0000,tbhf9059_rede_term_obsa-tbhf9059_rede_term_obsa
1ds4X000000XZQZQA4,0054X00000E5WHUQA3,2024-01-24T20:18:43.000+0000,tbhf9101_clie_dado_manu_sele-tbhf9101_clie_dado_manu_sele
1ds4X000000XZQeQAO,0054X00000E5WHUQA3,2024-01-24T20:22:03.000+0000,tbhf9102_ccre_dado_manu_sele-tbhf9102_ccre_dado_manu_sele
1ds4X000000XZQjQAO,0054X00000E5WHUQA3,2024-01-24T20:25:48.000+0000,tbhf9103_ccor_dado_manu_sele-tbhf9103_ccor_dado_manu_sele
1ds4X000000XZQyQAO,0055e000007C16bAAC,2024-01-30T12:50:56.000+0000,tbhf9062_pedi_eftd_pcis-tbhf9062_pedi_eftd_pcis
1ds4X000000XZRhQAO,0054X00000EBKgPQAX,2024-02-05T18:22:24.000+0000,tbhf9049_rede_tag_app-tbhf9049_rede_tag_app
1ds4X000000XZRmQAO,0054X00000EBJzuQAH,2024-02-07T18:39:28.000+0000,PJ_DATA_STREAM_TESTE_DATA_ACTION
1ds4X000000XZSfQAO,0054X00000E5NyAQAV,2024-02-22T13:15:14.000+0000,tbhf9064_prog_mnha_vant_extt-tbhf9064_prog_mnha_vant_extt
1ds4X000000XZSzQAO,0055e000007CR3PAAW,2024-02-23T17:44:30.000+0000,tbhf9066_bole_aber_7dia-tbhf9066_bole_aber_7dia
1ds4X000000XZTOQA4,0054X00000ElqG1QAJ,2024-03-04T22:21:54.000+0000,tbhf9029_aste_cuvw-tbhf9029_aste_cuvw
1ds4X000000XZTYQA4,0055e000007CR3PAAW,2024-03-07T10:03:14.000+0000,tbhf9067_ated_pgto_trca_crto-tbhf9067_ated_pgto_trca_crto
1ds4X000000XZTxQAO,0054X00000EBKgPQAX,2024-03-20T14:50:56.000+0000,tbhf9073_rede_melh_ctto-tbhf9073_rede_melh_ctto
1ds4X000000XZU2QAO,0054X00000Elr1lQAB,2024-03-20T17:29:57.000+0000,tbhf9069_escd_said_cmnc_pj-tbhf9069_escd_said_cmnc_pj
1ds4X000000XZU7QAO,0055e000007Dr0sAAC,2024-03-21T18:13:48.000+0000,tbhf9065_info_prod_even_trkg-tbhf9065_info_prod_even_trkg
1ds4X000000k9bwQAA,0054X00000EfjeOQAR,2024-03-28T19:28:57.000+0000,tbhf9070_gert_prpt_cnqs-tbhf9070_gert_prpt_cnqs
1ds4X000000k9cfQAA,0055e000007DT0vAAG,2024-04-09T13:39:07.000+0000,tbhf9005_info_cntc_csgd-tbhf9005_info_cntc_csgd
1ds4X000000k9d9QAA,0054X00000ElqG1QAJ,2024-04-12T14:38:51.000+0000,tbhf9020_tabe_pote_viag-tbhf9020_tabe_pote_viag
1ds4X000000k9dEQAQ,0054X00000EfjeOQAR,2024-04-12T17:47:06.000+0000,tbhf9040_melh_cvsa_sbma-tbhf9040_melh_cvsa_sbma
1ds4X000000k9dOQAQ,0055e000007Dr0sAAC,2024-04-15T20:48:42.000+0000,tbhf9047_fide_cicl_iupp-tbhf9047_fide_cicl_iupp
1ds4X000000k9dTQAQ,0054X00000F4UJaQAN,2024-04-17T13:10:31.000+0000,tbhf9077_rlmt_itau_cpf_anat-tbhf9077_rlmt_itau_cpf_anat
1ds4X000000k9dtQAA,0054X00000EBJzuQAH,2024-04-17T14:41:34.000+0000,SFMC Push Undeliver Event 514015470
1ds4X000000k9duQAA,0054X00000EBJzuQAH,2024-04-17T14:42:23.000+0000,SFMC Push Template 514015477
1ds4X000000k9dyQAA,0054X00000EBJzuQAH,2024-04-17T14:43:37.000+0000,SFMC Contact Point App 514022051
1ds4X000000k9dzQAA,0054X00000EBJzuQAH,2024-04-17T14:44:05.000+0000,SFMC Push Template 514015475
1ds4X000000k9e7QAA,0054X00000EBJzuQAH,2024-04-17T14:47:44.000+0000,SFMC Push Template 514015470
1ds4X000000k9e8QAA,0054X00000EBJzuQAH,2024-04-17T14:48:14.000+0000,SFMC Push Template 514017631
1ds4X000000k9e9QAA,0054X00000EBJzuQAH,2024-04-17T14:48:44.000+0000,SFMC EES Push Snapshot 514015472
1ds4X000000k9eBQAQ,0054X00000EBJzuQAH,2024-04-17T14:49:50.000+0000,SFMC Push Undeliver Event 514015477
1ds4X000000k9eCQAQ,0054X00000EBJzuQAH,2024-04-17T14:50:17.000+0000,SFMC Push Template 514022051
1ds4X000000k9eHQAQ,0054X00000EBJzuQAH,2024-04-17T14:52:59.000+0000,SFMC Push Undeliver Event 514022051
1ds4X000000k9eLQAQ,0054X00000EBJzuQAH,2024-04-17T14:55:32.000+0000,SFMC Contact Point App 514015475
1ds4X000000k9eMQAQ,0054X00000EBJzuQAH,2024-04-17T14:56:05.000+0000,SFMC Push Template 514015472
1ds4X000000k9eOQAQ,0054X00000EBJzuQAH,2024-04-17T14:57:51.000+0000,SFMC Contact Point App 514017631
1ds4X000000k9ePQAQ,0054X00000EBJzuQAH,2024-04-17T14:58:31.000+0000,SFMC Push Engagement Event 514022051
1ds4X000000k9eQQAQ,0054X00000EBJzuQAH,2024-04-17T14:58:38.000+0000,SFMC Einstein Push Scores 514015472
1ds4X000000k9eTQAQ,0054X00000EBJzuQAH,2024-04-17T15:00:27.000+0000,SFMC EES Push Snapshot 514015470
1ds4X000000k9eUQAQ,0054X00000EBJzuQAH,2024-04-17T15:01:13.000+0000,SFMC Contact Point App 514015470
1ds4X000000k9eVQAQ,0054X00000EBJzuQAH,2024-04-17T15:01:55.000+0000,SFMC Push Undeliver Event 514015472
1ds4X000000k9ebQAA,0054X00000EBJzuQAH,2024-04-17T15:04:20.000+0000,SFMC Push Undeliver Event 514017631
1ds4X000000k9edQAA,0054X00000EBJzuQAH,2024-04-17T15:05:48.000+0000,SFMC Push Engagement Event 514015475
1ds4X000000k9egQAA,0054X00000EBJzuQAH,2024-04-17T15:08:27.000+0000,SFMC Contact Point App 514015477
1ds4X000000k9ejQAA,0054X00000EBJzuQAH,2024-04-17T15:11:21.000+0000,SFMC Contact Point App 514015472
1ds4X000000k9fZQAQ,0055e000007DT0vAAG,2024-04-23T13:50:26.000+0000,tbhf9006_inso_apla_dpst_movl-tbhf9006_inso_apla_dpst_movl
1ds4X000000k9fjQAA,0055e000007Dr0nAAC,2024-04-25T18:06:10.000+0000,tbhf9045_prom_oper_recu_cred_clie-tbhf9045_prom_oper_recu_cred_clie
1ds4X000000k9ftQAA,0054X00000E5NxlQAF,2024-04-29T17:11:32.000+0000,tbhf9081_cred_enrg_renv-tbhf9081_cred_enrg_renv
1ds4X000000k9g8QAA,0055e000007CR3PAAW,2024-05-08T17:02:54.000+0000,tbhf9043_ated_recl_ocor_ouvd-tbhf9043_ated_recl_ocor_ouvd
1ds4X000000k9gIQAQ,0054X00000EBKgPQAX,2024-05-13T13:32:28.000+0000,tbhf9072_pode_repn_lega-tbhf9072_pode_repn_lega
1ds4X000000k9gNQAQ,0054X00000EBKgPQAX,2024-05-13T16:26:40.000+0000,tbhf9068_rede_bolt_ante-tbhf9068_rede_bolt_ante
1ds4X000000k9gSQAQ,0054X00000EBKgPQAX,2024-05-13T18:13:30.000+0000,tbhf9083_rede_grup_ctrl_ptvd-tbhf9083_rede_grup_ctrl_ptvd
1ds4X000000k9gXQAQ,0054X00000EBKgPQAX,2024-05-13T18:34:32.000+0000,tbhf9071_invt_vncr_clie_pjur-tbhf9071_invt_vncr_clie_pjur
1ds4X000000k9ghQAA,0054X00000E5NyAQAV,2024-05-15T13:29:13.000+0000,tbhf9085_bene_prde_salr-tbhf9085_bene_prde_salr
1ds4X000000k9gmQAA,0055e000007CR3PAAW,2024-05-15T14:01:59.000+0000,tbhf9088_matz_egao_sgto_clie-tbhf9088_matz_egao_sgto_clie
1ds4X000000k9h1QAA,0054X00000EBKgPQAX,2024-05-17T19:06:19.000+0000,tbhf9076_rede_avio_clet_maqu-tbhf9076_rede_avio_clet_maqu
1ds4X000000k9hGQAQ,0055e000007Dr0sAAC,2024-05-20T13:47:21.000+0000,tbhf9080_info_tari_cont-tbhf9080_info_tari_cont
1ds4X000000k9hfQAA,0054X00000EBKgPQAX,2024-05-31T14:41:28.000+0000,tbhf9094_rede_pre_clet_maqu-tbhf9094_rede_pre_clet_maqu
1ds4X000000k9huQAA,0054X00000Elr1lQAB,2024-06-04T21:06:38.000+0000,tbhf9097_acee_clie_cmnc_pjur-tbhf9097_acee_clie_cmnc_pjur
1ds4X000000k9iYQAQ,0054X00000F4UJfQAN,2024-06-11T13:37:18.000+0000,tbhf9096_prog_copr_cell-tbhf9096_prog_copr_cell
1ds4X000000k9j7QAA,0055e000000Yt6cAAC,2024-06-15T05:24:17.000+0000,TenantBillingUsageEventStream
1ds4X000000k9j8QAA,0055e000000Yt6cAAC,2024-06-15T05:24:22.000+0000,TenantUsageTypeMultiplierStream
1ds4X000000k9j9QAA,0055e000000Yt6cAAC,2024-06-15T05:24:30.000+0000,TenantEntitlementTransactionStream
1ds4X000000k9jCQAQ,0055e000007Dr0sAAC,2024-06-17T14:16:42.000+0000,tbhf9093_ccor_crbo-tbhf9093_ccor_crbo
1ds4X000000k9jbQAA,0054X00000E5NyAQAV,2024-06-20T16:34:46.000+0000,tbhf9100_info_cadl_gert_cont_vsao_pess-tbhf9100_info_cadl_gert_cont_vsao_pess
1ds4X000000k9k5QAA,0054X00000EBKgPQAX,2024-06-25T14:11:58.000+0000,tbhf9109_emai_ccre_ibba-tbhf9109_emai_ccre_ibba
1ds4X000000k9kPQAQ,0054X00000E5NyAQAV,2024-06-28T15:35:58.000+0000,tbhf9110_rsgt_bene_mnha_vant-tbhf9110_rsgt_bene_mnha_vant
1ds4X000000k9ktQAA,0055e000007Dr0sAAC,2024-07-10T16:37:59.000+0000,tbhf9095_clie_alvo_trsf_limi-tbhf9095_clie_alvo_trsf_limi
1ds4X000000k9l8QAA,0054X00000Elr1lQAB,2024-07-12T15:16:37.000+0000,tbhf9108_moto_apla_empr-tbhf9108_moto_apla_empr
1ds4X000000k9lIQAQ,0054X00000E5NyAQAV,2024-07-16T19:19:57.000+0000,tbhf9087_info_cadl_epct_cont_pcm-tbhf9087_info_cadl_epct_cont_pcm
1ds4X000000k9lSQAQ,0054X00000Elq5hQAB,2024-07-23T16:57:41.000+0000,tbhf9114_mode_stto_aqui_digl-tbhf9114_mode_stto_aqui_digl
1ds4X000000k9lmQAA,0055e000007CP62AAG,2024-07-24T14:49:48.000+0000,tbhf9111_simu_finm_veic-tbhf9111_simu_finm_veic
1ds4X000000k9lrQAA,0055e000007CP62AAG,2024-07-24T15:21:53.000+0000,tbhf9112_prpt_finm_veic-tbhf9112_prpt_finm_veic
1ds4X000000k9lwQAA,0054X00000E5NyAQAV,2024-07-26T13:11:57.000+0000,tbhf9122_pend_forl_cred_enrg_renv-tbhf9122_pend_forl_cred_enrg_renv
1ds4X000000k9m1QAA,0054X00000EBKgPQAX,2024-07-26T14:24:33.000+0000,tbhf9119_rede_txa_fixo_ante-tbhf9119_rede_txa_fixo_ante
1ds4X000000k9m6QAA,0054X00000Elr1lQAB,2024-07-29T21:30:35.000+0000,tbhf9117_parc_giro_pjur-tbhf9117_parc_giro_pjur
1ds4X000000k9mBQAQ,0054X00000Elr1lQAB,2024-07-29T21:32:06.000+0000,tbhf9118_parc_gove_pjur-tbhf9118_parc_gove_pjur
1ds4X000000k9mLQAQ,0055e000007CR3PAAW,2024-08-01T18:14:31.000+0000,tbhf9113_pbbl_ctto_clie_dmnd-tbhf9113_pbbl_ctto_clie_dmnd
1ds4X000000k9mQQAQ,0055e000007CR3PAAW,2024-08-01T18:47:29.000+0000,tbhf9123_aces_ion-tbhf9123_aces_ion
1ds4X000000k9mkQAA,0054X00000ElpeMQAR,2024-08-05T17:50:18.000+0000,tbhf9001_agrg_mrke_des-tbhf9001_agrg_mrke_des
1ds4X000000k9muQAA,0055e000007Dr0iAAC,2024-08-08T21:18:30.000+0000,tbhf9128_info_epct_novo_mode_assr-tbhf9128_info_epct_novo_mode_assr
1ds4X000000k9mzQAA,0054X00000Elq5hQAB,2024-08-13T14:04:27.000+0000,tbhf9116_dtbc_mode_claf_diar_pfis-tbhf9116_dtbc_mode_claf_diar_pfis
1ds4X000000k9n9QAA,0054X00000Elq5hQAB,2024-08-13T18:36:05.000+0000,tbhf9124_dtbc_mode_crto_pfis-tbhf9124_dtbc_mode_crto_pfis
1ds4X000000k9nEQAQ,0055e000007Dr0nAAC,2024-08-14T13:47:19.000+0000,tbhf9106_pgto_pix_emdo-tbhf9106_pgto_pix_emdo
1ds4X000000k9nJQAQ,0055e000007Dr0nAAC,2024-08-15T14:02:09.000+0000,tbhf9132_mode_cmda_vncl_emdo-tbhf9132_mode_cmda_vncl_emdo
1ds4X000000k9nOQAQ,0054X00000E5NyAQAV,2024-08-16T17:54:44.000+0000,tbhf9126_cont_pgto_vsao_clie-tbhf9126_cont_pgto_vsao_clie
1ds4X000000k9nnQAA,0055e000007DWcfAAG,2024-08-23T15:44:09.000+0000,tb_teste_tong-tb_teste_tong
1ds4X000000k9nsQAA,0055e000007CP62AAG,2024-08-23T19:13:34.000+0000,tbhf9130_cfmc_aber_fnma-tbhf9130_cfmc_aber_fnma
1ds4X000000k9nxQAA,0054X00000EBKgPQAX,2024-08-29T13:54:19.000+0000,tbhf9127_vcto_pode_repn_pjur-tbhf9127_vcto_pode_repn_pjur
1ds4X000000k9o2QAA,0054X00000EBKgPQAX,2024-08-29T14:18:44.000+0000,tbhf9129_perf_digl_pjur-tbhf9129_perf_digl_pjur
1ds4X000000k9ogQAA,0054X00000E5QwCQAV,2024-09-04T11:48:11.000+0000,PJ Recuperacao de Credito Hom-PJ-cliente-contrato-recup-cred-hom
1ds4X000000k9olQAA,0055e000007DWcfAAG,2024-09-04T13:55:00.000+0000,Pj Recuperacao de Credito Dev-PJ-cliente-contrato-recup-cred-dev
1ds4X000000k9oqQAA,0055e000007DWcfAAG,2024-09-04T14:45:51.000+0000,PJ Recuperacao de Credito-PJ-cliente-contrato-recup-cred
1ds4X000000k9ovQAA,0054X00000E5LS2QAN,2024-09-04T19:32:59.000+0000,teste_rcc-tb_teste_rcc
1ds4X000000k9pFQAQ,0055e000007CP62AAG,2024-09-09T17:20:18.000+0000,tbhf9138_cfmc_aber_fnma_hori-tbhf9138_cfmc_aber_fnma_hori
1ds4X000000k9pKQAQ,0055e000007Dr0nAAC,2024-09-10T15:14:08.000+0000,tbhf9154_info_prod_clie-tbhf9154_info_prod_clie
1ds4X000000k9pUQAQ,0054X00000FO7XoQAL,2024-09-11T13:15:16.000+0000,tbhf9149_migr_iti_meta-tbhf9149_migr_iti_meta
1ds4X000000k9pZQAQ,0054X00000E5NyAQAV,2024-09-11T17:25:55.000+0000,tbhf9147_migr_iti-tbhf9147_migr_iti
1ds4X000000k9pjQAA,0055e000007Dr0nAAC,2024-09-12T12:07:59.000+0000,tbhf9157_tabe_cart_cont_cbco-tbhf9157_tabe_cart_cont_cbco
1ds4X000000k9poQAA,0054X00000EBKgPQAX,2024-09-12T16:52:58.000+0000,tbhf9139_opcr_desc_diar_pjur-tbhf9139_opcr_desc_diar_pjur
1ds4X000000k9q3QAA,0054X00000FO2dSQAT,2024-09-13T20:13:28.000+0000,tbhf9146_ctto_repn_empr_pjur-tbhf9146_ctto_repn_empr_pjur
1ds4X000000k9qNQAQ,0055e000007Dr0nAAC,2024-09-18T12:42:32.000+0000,tbhf9158_limi_itau_saqu_aume-tbhf9158_limi_itau_saqu_aume
1ds4X000000k9qcQAA,0055e000007Dr0nAAC,2024-09-19T16:53:07.000+0000,tbhf9161_info_prod_apli_auta-tbhf9161_info_prod_apli_auta
1ds4X000000k9qmQAA,0054X00000FO7XoQAL,2024-09-19T18:27:47.000+0000,tbhf9125_pose_segu-tbhf9125_pose_segu
1ds4X000000k9qrQAA,0055e000007Dr0nAAC,2024-09-20T17:30:36.000+0000,tbhf9171_mode_pess_csum_corn-tbhf9171_mode_pess_csum_corn
1ds5e000000kAewAAE,0055e000001TZ7mAAG,2021-09-24T20:04:53.000+0000,SFMC Email Complaint 514012614
1ds5e000000kAexAAE,0055e000001TZ7mAAG,2021-09-24T20:04:55.000+0000,SFMC Einstein Email Scores 514015472
1ds5e000000kAeyAAE,0055e000001TZ7mAAG,2021-09-24T20:04:57.000+0000,SFMC Journey 514012614
1ds5e000000kAezAAE,0055e000001TZ7mAAG,2021-09-24T20:04:58.000+0000,SFMC Einstein Email Scores 514015470
1ds5e000000kAf0AAE,0055e000001TZ7mAAG,2021-09-24T20:05:03.000+0000,SFMC Email Engagement Open 514012614
1ds5e000000kAf1AAE,0055e000001TZ7mAAG,2021-09-24T20:05:08.000+0000,SFMC Email Unsubscribe 514012614
1ds5e000000kAf2AAE,0055e000001TZ7mAAG,2021-09-24T20:05:10.000+0000,SFMC Einstein Email Scores 514015475
1ds5e000000kAf4AAE,0055e000001TZ7mAAG,2021-09-24T20:05:16.000+0000,SFMC Journey Activity 514012614
1ds5e000000kAf5AAE,0055e000001TZ7mAAG,2021-09-24T20:05:21.000+0000,SFMC Email Engagement Send 514012614
1ds5e000000kAf6AAE,0055e000001TZ7mAAG,2021-09-24T20:05:23.000+0000,SFMC Contact Point Email 514012614
1ds5e000000kAf7AAE,0055e000001TZ7mAAG,2021-09-24T20:05:25.000+0000,SFMC Einstein Email Scores 514012614
1ds5e000000kAf8AAE,0055e000001TZ7mAAG,2021-09-24T20:05:28.000+0000,SFMC Email Template 514012614
1ds5e000000kAf9AAE,0055e000001TZ7mAAG,2021-09-24T20:05:32.000+0000,SFMC Email Engagement Bounce 514012614
1ds5e000000kAfBAAU,0055e000001TZ7mAAG,2021-09-24T20:05:40.000+0000,SFMC Email Engagement Click 514012614
1ds5e000000kAfCAAU,0055e000001TZ7mAAG,2021-09-24T20:05:42.000+0000,SFMC Email Publication 514012614
1ds5e000000kAfDAAU,0055e000001TZ7mAAG,2021-09-24T20:05:44.000+0000,SFMC Campaign 514012614
1ds5e000000kAgYAAU,0055e000001TZ7mAAG,2021-10-05T13:17:55.000+0000,SFMC SMS Template 514015475
1ds5e000000kAgZAAU,0055e000001TZ7mAAG,2021-10-05T13:18:00.000+0000,SFMC Msg Engagement Event 514012614
1ds5e000000kAgaAAE,0055e000001TZ7mAAG,2021-10-05T13:18:06.000+0000,SFMC Msg Engagement Event 514015475
1ds5e000000kAgbAAE,0055e000001TZ7mAAG,2021-10-05T13:18:14.000+0000,SFMC Contact Point Phone 514015472
1ds5e000000kAgcAAE,0055e000001TZ7mAAG,2021-10-05T13:18:19.000+0000,SFMC Msg Engagement Event 514015470
1ds5e000000kAgdAAE,0055e000001TZ7mAAG,2021-10-05T13:18:24.000+0000,SFMC Msg Engagement Event 514015477
1ds5e000000kAgeAAE,0055e000001TZ7mAAG,2021-10-05T13:18:29.000+0000,SFMC Contact Point Phone 514015470
1ds5e000000kAgfAAE,0055e000001TZ7mAAG,2021-10-05T13:18:32.000+0000,SFMC SMS Template 514015470
1ds5e000000kAggAAE,0055e000001TZ7mAAG,2021-10-05T13:18:36.000+0000,SFMC Contact Point Phone 514015475
1ds5e000000kAghAAE,0055e000001TZ7mAAG,2021-10-05T13:18:38.000+0000,SFMC SMS Template 514015477
1ds5e000000kAgiAAE,0055e000001TZ7mAAG,2021-10-05T13:18:44.000+0000,SFMC Msg Engagement Event 514015472
1ds5e000000kAgjAAE,0055e000001TZ7mAAG,2021-10-05T13:18:51.000+0000,SFMC Contact Point Phone 514015477
1ds5e000000kAgkAAE,0055e000001TZ7mAAG,2021-10-05T13:18:54.000+0000,SFMC SMS Template 514012614
1ds5e000000kAglAAE,0055e000001TZ7mAAG,2021-10-05T13:18:58.000+0000,SFMC Contact Point Phone 514012614
1ds5e000000kAgmAAE,0055e000001TZ7mAAG,2021-10-05T13:19:01.000+0000,SFMC SMS Template 514015472
1ds5e000000kAhMAAU,0055e000001TZ7mAAG,2021-10-08T14:20:06.000+0000,SFMC Einstein Email Scores 514015477
1ds5e000000kAhgAAE,0055e000000Yt6cAAC,2021-10-10T13:57:13.000+0000,SFMC EES Email Snapshot 514015477
1ds5e000000kAhhAAE,0055e000000Yt6cAAC,2021-10-10T13:57:16.000+0000,SFMC EES Email Snapshot 514015475
1ds5e000000kAhiAAE,0055e000000Yt6cAAC,2021-10-10T13:57:18.000+0000,SFMC EES Email Snapshot 514012614
1ds5e000000kAhjAAE,0055e000000Yt6cAAC,2021-10-10T13:57:21.000+0000,SFMC EES Email Snapshot 514015470
1ds5e000000kAhkAAE,0055e000000Yt6cAAC,2021-10-10T13:57:24.000+0000,SFMC EES Email Snapshot 514015472
1ds5e000000kAy6AAE,0055e000001TZ7mAAG,2022-05-26T15:07:48.000+0000,SFMC Einstein Email Scores 514019501
1ds5e000000kAy7AAE,0055e000001TZ7mAAG,2022-05-26T15:07:52.000+0000,SFMC EES Email Snapshot 514019501
1ds5e000000kAy9AAE,0055e000001TZ7mAAG,2022-05-26T15:14:27.000+0000,SFMC EES Email Snapshot 514022051
1ds5e000000kAyAAAU,0055e000001TZ7mAAG,2022-05-26T15:14:29.000+0000,SFMC Einstein Email Scores 514022051
1ds5e000000kAyBAAU,0055e000001TZ7mAAG,2022-05-26T15:14:31.000+0000,SFMC Einstein Email Scores 514021033
1ds5e000000kAyCAAU,0055e000001TZ7mAAG,2022-05-26T15:14:34.000+0000,SFMC EES Email Snapshot 514021033
1dsHZ00000009RVYAY,005bJ00000JOWOoQAP,2025-09-10T22:20:37.000+0000,Itau-Biggest-DE
1dsbJ00000005vlQAA,0055e000007CR3PAAW,2024-09-23T15:49:06.000+0000,tbhf9137_ctrt_acto-tbhf9137_ctrt_acto
1dsbJ00000006jlQAA,0055e000007Dr0nAAC,2024-09-25T17:19:44.000+0000,tbhf9172_prpt_finm_imol_cgi-tbhf9172_prpt_finm_imol_cgi
1dsbJ00000006qDQAQ,0055e000007Dr0nAAC,2024-09-26T16:15:37.000+0000,tbhf9177_mode_info_digl_pfis-tbhf9177_mode_info_digl_pfis
1dsbJ00000006rpQAA,0055e000007CR3PAAW,2024-09-26T18:28:41.000+0000,tbhf9162_acee_aume_auta_limi_cont-tbhf9162_acee_aume_auta_limi_cont
1dsbJ000000077xQAA,0054X00000F4CzJQAV,2024-10-03T13:09:06.000+0000,SFMC Push Engagement Event 514019501
1dsbJ000000077yQAA,0054X00000F4CzJQAV,2024-10-03T13:09:16.000+0000,SFMC Einstein Push Scores 514015470
1dsbJ000000077zQAA,0054X00000F4CzJQAV,2024-10-03T13:09:25.000+0000,SFMC Einstein Push Scores 514012614
1dsbJ0000000780QAA,0054X00000F4CzJQAV,2024-10-03T13:09:35.000+0000,SFMC Einstein Push Scores 514015477
1dsbJ0000000781QAA,0054X00000F4CzJQAV,2024-10-03T13:10:23.000+0000,SFMC Contact Point App 514021033
1dsbJ0000000782QAA,0054X00000F4CzJQAV,2024-10-03T13:11:11.000+0000,SFMC Contact Point App 514012614
1dsbJ0000000783QAA,0054X00000F4CzJQAV,2024-10-03T13:11:51.000+0000,SFMC Push Undeliver Event 514015475
1dsbJ0000000784QAA,0054X00000F4CzJQAV,2024-10-03T13:12:30.000+0000,SFMC EES Push Snapshot 514012614
1dsbJ0000000785QAA,0054X00000F4CzJQAV,2024-10-03T13:13:01.000+0000,SFMC Push Template 514019501
1dsbJ0000000786QAA,0054X00000F4CzJQAV,2024-10-03T13:13:47.000+0000,SFMC Push Engagement Event 514015472
1dsbJ0000000787QAA,0054X00000F4CzJQAV,2024-10-03T13:14:26.000+0000,SFMC EES Push Snapshot 514015475
1dsbJ0000000788QAA,0054X00000F4CzJQAV,2024-10-03T13:15:10.000+0000,SFMC Push Engagement Event 514021033
1dsbJ0000000789QAA,0054X00000F4CzJQAV,2024-10-03T13:15:20.000+0000,SFMC Einstein Push Scores 514015475
1dsbJ000000078AQAQ,0054X00000F4CzJQAV,2024-10-03T13:16:06.000+0000,SFMC Push Engagement Event 514012614
1dsbJ000000078BQAQ,0054X00000F4CzJQAV,2024-10-03T13:16:15.000+0000,SFMC Einstein Push Scores 514019501
1dsbJ000000078DQAQ,0054X00000F4CzJQAV,2024-10-03T13:17:51.000+0000,SFMC Push Template 514012614
1dsbJ000000078EQAQ,0054X00000F4CzJQAV,2024-10-03T13:18:39.000+0000,SFMC Contact Point App 514019501
1dsbJ000000078FQAQ,0054X00000F4CzJQAV,2024-10-03T13:19:50.000+0000,SFMC EES Push Snapshot 514015477
1dsbJ000000078GQAQ,0054X00000F4CzJQAV,2024-10-03T13:20:00.000+0000,SFMC Einstein Push Scores 514017631
1dsbJ000000078HQAQ,0054X00000F4CzJQAV,2024-10-03T13:20:42.000+0000,SFMC Push Undeliver Event 514021033
1dsbJ000000078IQAQ,0054X00000F4CzJQAV,2024-10-03T13:21:21.000+0000,SFMC EES Push Snapshot 514017631
1dsbJ000000078JQAQ,0054X00000F4CzJQAV,2024-10-03T13:22:01.000+0000,SFMC Push Undeliver Event 514019501
1dsbJ000000078KQAQ,0054X00000F4CzJQAV,2024-10-03T13:22:41.000+0000,SFMC EES Push Snapshot 514021033
1dsbJ000000078LQAQ,0054X00000F4CzJQAV,2024-10-03T13:23:20.000+0000,SFMC EES Push Snapshot 514019501
1dsbJ000000078MQAQ,0054X00000F4CzJQAV,2024-10-03T13:24:50.000+0000,SFMC Push Engagement Event 514015477
1dsbJ000000078NQAQ,0054X00000F4CzJQAV,2024-10-03T13:25:37.000+0000,SFMC Push Engagement Event 514017631
1dsbJ000000078OQAQ,0054X00000F4CzJQAV,2024-10-03T13:26:19.000+0000,SFMC Push Undeliver Event 514012614
1dsbJ000000078PQAQ,0054X00000F4CzJQAV,2024-10-03T13:27:00.000+0000,SFMC EES Push Snapshot 514022051
1dsbJ000000078QQAQ,0054X00000F4CzJQAV,2024-10-03T13:27:10.000+0000,SFMC Einstein Push Scores 514022051
1dsbJ000000078RQAQ,0054X00000F4CzJQAV,2024-10-03T13:27:20.000+0000,SFMC Einstein Push Scores 514021033
1dsbJ000000078SQAQ,0054X00000F4CzJQAV,2024-10-03T13:27:54.000+0000,SFMC Push Template 514021033
1dsbJ000000078TQAQ,0054X00000F4CzJQAV,2024-10-03T13:28:42.000+0000,SFMC Push Engagement Event 514015470
1dsbJ00000008QbQAI,0054X00000FO8r1QAD,2024-10-15T12:36:28.000+0000,tb_datacloud_lis_emprestimos_atac-tb_datacloud_lis_emprestimos_atac
1dsbJ00000009CzQAI,0054X00000FO8r1QAD,2024-10-22T20:25:38.000+0000,tb_datacloud_trsf_cash_atac-tb_datacloud_trsf_cash_atac
1dsbJ00000009JRQAY,0054X00000FO8r1QAD,2024-10-23T17:25:05.000+0000,tb_datacloud_info_ctto_atac-tb_datacloud_info_ctto_atac
1dsbJ0000000AFVQA2,0054X00000FO6OqQAL,2024-11-05T18:40:09.000+0000,tb_teste_rubia-tb_teste_rubia
1dsbJ0000000AaTQAU,0054X00000F4CzEQAV,2024-11-12T20:56:22.000+0000,totalSubscribers_filtro
1dsbJ0000000AdhQAE,0054X00000F4CzEQAV,2024-11-13T13:46:52.000+0000,totalSubscribers_filtro_3
1dsbJ0000000AfJQAU,0054X00000F4CzEQAV,2024-11-13T14:36:12.000+0000,totalSubscribers_filtro_1
1dsbJ0000000AgvQAE,0054X00000F4CzEQAV,2024-11-13T14:51:29.000+0000,totalSubscribers_filtro_2
1dsbJ0000000CXVQA2,0054X00000FO8r1QAD,2024-11-25T17:49:57.000+0000,IBBA_Account_00D8a000001JjmQ
1dsbJ0000000DDNQA2,0055e000007COMSAA4,2024-11-29T20:41:56.000+0000,CAPI_Abertura
1dsbJ0000000E2zQAE,0055e000007Dr0nAAC,2024-12-13T17:24:46.000+0000,tbhf9296_icarr_anne_pjur_emai_camp
1dsbJ0000000E4bQAE,0055e000007Dr0nAAC,2024-12-13T17:29:31.000+0000,tbhf9295_icarr_anne_pjur_emai_finn
1dsbJ0000000E6DQAU,0055e000007Dr0nAAC,2024-12-16T12:13:59.000+0000,tbhf9297_icarr_anne_pjur_emai_cvrs
1dsbJ0000000GETQA2,0054X00000ElqG1QAJ,2024-12-20T21:27:51.000+0000,tbsz3123_tabe_emai_clie_recu
1dsbJ0000000GG5QAM,0054X00000ElqG1QAJ,2024-12-20T21:54:56.000+0000,tbhf9me_acee_clie_cmnc_rene
1dsbJ0000000GmLQAU,0055e000007Dr0nAAC,2024-12-23T15:14:49.000+0000,TBFS4ME_EMAI_PJUR_SEM_DADO_FINN
1dsbJ0000000GuPQAU,0055e000007Dr0nAAC,2024-12-23T15:34:22.000+0000,TBSZ3106_TEL_PJUR_OFRT_DADO
1dsbJ0000000H0rQAE,0055e000007Dr0nAAC,2024-12-23T18:31:13.000+0000,TBHF9ME_ENDE_EMAI_CLIE_PJUR_PCM
1dsbJ0000000H2TQAU,0055e000007Dr0nAAC,2024-12-23T18:40:21.000+0000,TBHF9ME_TEL_SCIO_PESS_JURI
1dsbJ0000000H45QAE,0055e000007Dr0nAAC,2024-12-23T18:45:50.000+0000,TBHF9ME_EMAI_SCIO_PJ
1dsbJ0000000H7JQAU,0055e000007Dr0nAAC,2024-12-23T18:55:13.000+0000,TBSZ3107_EMAI_PJUR_OFRT_DADO
1dsbJ0000000HTtQAM,0055e000007Dr0nAAC,2024-12-26T13:40:42.000+0000,TBFS4ME_EMAI_PJUR_DADO_COBR
1dsbJ0000000HgnQAE,0054X00000ElqG1QAJ,2024-12-26T14:55:37.000+0000,tbhf9me_icarr_acee_cmnc_emai_v2
1dsbJ0000000HqTQAU,0054X00000ElqG1QAJ,2024-12-26T15:52:19.000+0000,TBHF9ME_EMAI_FASO
1dsbJ0000000Hs5QAE,0054X00000ElqG1QAJ,2024-12-26T17:16:35.000+0000,TBFS4ME_TABE_VSAO_PERF_CLIE
1dsbJ0000000I4zQAE,0054X00000F3OHlQAN,2024-12-26T19:50:21.000+0000,TBFS4ME_CADA_CONT_CORE_CLIE
1dsbJ0000000ImXQAU,0054X00000Elr1lQAB,2025-01-03T18:09:41.000+0000,TBHF9ME_VSAO_PERF_CLIE_PJ
1dsbJ0000000IplQAE,0054X00000Elr1lQAB,2025-01-03T20:52:55.000+0000,tbfs4me_num_tel_pjur_dad_cdp
1dsbJ0000000J13QAE,0055e000007Dsl6AAC,2025-01-08T22:46:15.000+0000,Cart Event Items_39
1dsbJ0000000J14QAE,0055e000007Dsl6AAC,2025-01-08T22:46:24.000+0000,Base Events_39
1dsbJ0000000J15QAE,0055e000007Dsl6AAC,2025-01-08T22:46:39.000+0000,Catalog Events_39
1dsbJ0000000J16QAE,0055e000007Dsl6AAC,2025-01-08T22:46:48.000+0000,Cart Events_39
1dsbJ0000000J17QAE,0055e000007Dsl6AAC,2025-01-08T22:46:54.000+0000,Order Event Items_39
1dsbJ0000000J18QAE,0055e000007Dsl6AAC,2025-01-08T22:47:24.000+0000,Users_39
1dsbJ0000000J19QAE,0055e000007Dsl6AAC,2025-01-08T22:47:37.000+0000,Order Events_39
1dsbJ0000000JM1QAM,005bJ00000BuMccQAF,2025-01-13T18:36:14.000+0000,TBHF9360_CTRT_LIMI_GARD_CCRE
1dsbJ0000000JNdQAM,0054X00000F3OHlQAN,2025-01-14T13:28:11.000+0000,tbhf9232_mode_info_prps_crdi
1dsbJ0000000JSTQA2,0054X00000F3OHlQAN,2025-01-14T13:51:03.000+0000,tbhf9212_tabe_parc_segu
1dsbJ0000000JXJQA2,0054X00000F3OHlQAN,2025-01-14T18:06:58.000+0000,tbhf9317_risc_prev
1dsbJ0000000JYvQAM,0054X00000F3OHlQAN,2025-01-14T18:21:58.000+0000,tbhf9133_recl_ated_huma_itau
1dsbJ0000000JaXQAU,0054X00000F3OHlQAN,2025-01-14T20:43:37.000+0000,tbhf9316_recu_ccre
1dsbJ0000000Jc9QAE,0054X00000F3OHlQAN,2025-01-15T13:32:01.000+0000,tbhf9208_info_munc_feri_anua
1dsbJ0000000JgzQAE,0054X00000F3OHlQAN,2025-01-15T15:10:21.000+0000,tbhf9me_cada_scio
1dsbJ0000000JkDQAU,0054X00000Elq5hQAB,2025-01-15T17:42:07.000+0000,tbhf9282_cmcn_pos_aume_limi_crto
1dsbJ0000000JnRQAU,0054X00000F3OHlQAN,2025-01-15T18:51:34.000+0000,TBFS4ME_CADA_CONT_CORE_CLIE
1dsbJ0000000K1xQAE,0054X00000F3OHlQAN,2025-01-16T14:08:51.000+0000,tbhf9240_dado_cntc_cesp
1dsbJ0000000K5BQAU,0055e000007Dr0iAAC,2025-01-16T18:27:18.000+0000,tbhf9164_info_atua_reto_vai_pfis
1dsbJ0000000KDFQA2,0054X00000F3OHlQAN,2025-01-17T13:49:17.000+0000,tbhf9022_info_lis_clie_diar
1dsbJ0000000KErQAM,0054X00000F3OHlQAN,2025-01-17T13:57:14.000+0000,tbhf9210_vsao_prps_abre_cont
1dsbJ0000000KJhQAM,005bJ000008AS8EQAW,2025-01-17T19:23:35.000+0000,TBHF9324_VSAO_PERF_CLIE_PJ
1dsbJ0000000KLJQA2,0054X00000Elq5hQAB,2025-01-17T19:26:42.000+0000,tbhf9365_grup_ctrl_unvl
1dsbJ0000000KYDQA2,0054X00000ElqG1QAJ,2025-01-20T22:44:20.000+0000,tbhf9254_diso_real
1dsbJ0000000Kd3QAE,0054X00000F3OHlQAN,2025-01-21T19:33:22.000+0000,tbhf9209_iti_clie_domn_cada
1dsbJ0000000KhtQAE,0054X00000Elq5hQAB,2025-01-22T19:37:28.000+0000,tbhf9377_sist_pgto_itau
1dsbJ0000000KjVQAU,0055e000007Dr0nAAC,2025-01-23T11:40:05.000+0000,TBHF9299_MODE_PRPS_ALER_SMS
1dsbJ0000000KmjQAE,0054X00000F3OHlQAN,2025-01-23T18:24:36.000+0000,tbhf9175_iti_clie_domn_empt
1dsbJ0000000KoLQAU,0054X00000F3OHlQAN,2025-01-23T19:22:31.000+0000,tbhf9151_cada_cntc_finm_veic
1dsbJ0000000Ky1QAE,0054X00000F3OHlQAN,2025-01-24T12:56:53.000+0000,tbhf9176_folh_pgto_mnsl
1dsbJ0000000L1FQAU,0054X00000F3OHlQAN,2025-01-24T14:33:43.000+0000,tbhf9206_folh_pgto
1dsbJ0000000L4TQAU,0055e000007Dr0sAAC,2025-01-24T20:10:45.000+0000,TBHF9278_VAR_ELEG_CUSO_REMU
1dsbJ0000000L7hQAE,0054X00000F3OHlQAN,2025-01-27T14:52:36.000+0000,tbhf9058_info_clie_pmro_60_dia
1dsbJ0000000LAvQAM,0054X00000F3OHlQAN,2025-01-27T15:23:15.000+0000,tbhf9100_info_cadl_gert_cont_vsao_pess
1dsbJ0000000LCXQA2,0054X00000F3OHlQAN,2025-01-27T15:38:53.000+0000,tbhf9090_cend_ofrt_pjur
1dsbJ0000000LE9QAM,0054X00000F3OHlQAN,2025-01-27T17:09:53.000+0000,tbhf9231_mode_melh_cvsa_rank
1dsbJ0000000LFlQAM,0054X00000F3OHlQAN,2025-01-27T17:34:05.000+0000,tbhf90008_clie_dado_manu_sele
1dsbJ0000000LHNQA2,0054X00000F3OHlQAN,2025-01-27T17:46:40.000+0000,tbhf9182_prog_mnha_vant
1dsbJ0000000LIzQAM,0054X00000F3OHlQAN,2025-01-27T17:55:39.000+0000,tbhf9181_info_perf_invd_stby
1dsbJ0000000LKbQAM,0055e000007Dr0iAAC,2025-01-27T18:47:59.000+0000,TBHF9304_ACEE_CLIE_CMNC_CRRD
1dsbJ0000000LMDQA2,0055e000007Dr0iAAC,2025-01-27T18:48:42.000+0000,TBHF9305_ACEE_CLIE_CMNC_GRML
1dsbJ0000000LNpQAM,0055e000007Dr0iAAC,2025-01-27T18:50:21.000+0000,TBHF9306_ACEE_CLIE_CMNC_HIPE
1dsbJ0000000LPRQA2,0055e000007Dr0iAAC,2025-01-27T18:51:50.000+0000,TBHF9307_ACEE_CLIE_CMNC_IBBA
1dsbJ0000000LR3QAM,0055e000007Dr0iAAC,2025-01-27T18:53:19.000+0000,TBHF9309_ACEE_CLIE_CMNC_ITCA
1dsbJ0000000LSfQAM,0055e000007Dr0iAAC,2025-01-27T18:55:46.000+0000,TBHF9310_ACEE_CLIE_CMNC_ITI
1dsbJ0000000LUHQA2,0055e000007Dr0iAAC,2025-01-27T18:56:14.000+0000,TBHF9311_ACEE_CLIE_CMNC_PFIS
1dsbJ0000000LVtQAM,0055e000007Dr0iAAC,2025-01-27T18:57:31.000+0000,TBHF9312_ACEE_CLIE_CMNC_REDE
1dsbJ0000000LXVQA2,0055e000007Dr0iAAC,2025-01-27T18:58:15.000+0000,TBHF9313_ACEE_CLIE_CMNC_CRRT
1dsbJ0000000LcLQAU,0055e000007Dr0iAAC,2025-01-27T19:14:19.000+0000,TBHF9308_ACEE_CLIE_CMNC_ION
1dsbJ0000000LfZQAU,0054X00000F3OHlQAN,2025-01-27T20:08:12.000+0000,tbhf9060_ccre_crto
1dsbJ0000000LinQAE,0055e000007Dr0iAAC,2025-01-27T21:37:05.000+0000,tbhf9160_oper_recu_cred
1dsbJ0000000LkPQAU,0055e000007Dr0iAAC,2025-01-27T21:40:09.000+0000,TBHF9186_ENEM_PFIS_FINL_CADA
1dsbJ0000000Lm1QAE,0055e000007Dr0iAAC,2025-01-27T21:40:13.000+0000,TBHF9187_ENEM_PFIS_FINL_COBR
1dsbJ0000000LndQAE,0055e000007Dr0iAAC,2025-01-27T21:40:35.000+0000,TBHF9188_ENEM_PFIS_FINL_COM_FINN
1dsbJ0000000LpFQAU,0055e000007Dr0iAAC,2025-01-27T21:41:04.000+0000,TBHF9189_ENEM_PFIS_FINL_SEM_FINN
1dsbJ0000000LqrQAE,0055e000007Dr0iAAC,2025-01-27T21:41:27.000+0000,TBHF9190_ENEM_PFIS_FINL_CNFG
1dsbJ0000000LsTQAU,0055e000007Dr0iAAC,2025-01-27T21:46:20.000+0000,TBHF9279_TEL_PFIS_FINL_CNFG
1dsbJ0000000Lu5QAE,0055e000007Dr0iAAC,2025-01-27T22:00:22.000+0000,TBHF9352_CLIE_DADO_MANU
1dsbJ0000000LvhQAE,0055e000007Dr0iAAC,2025-01-27T22:00:56.000+0000,TBHF9353_CCRE_DADO_MANU
1dsbJ0000000LxJQAU,0055e000007Dr0iAAC,2025-01-27T22:04:20.000+0000,TBHF9354_CCOR_DADO_MANU
1dsbJ0000000LyvQAE,0055e000007Dr0iAAC,2025-01-27T22:16:02.000+0000,TBHF9173_MELH_CVSA_HORI
1dsbJ0000000M0XQAU,0055e000007Dr0iAAC,2025-01-27T22:19:38.000+0000,TBHF9056_FIDE_SALD_IUPP_CLIE
1dsbJ0000000M3lQAE,0055e000007Dr1MAAS,2025-01-28T10:47:40.000+0000,TBHF9ME_ICARR_ANNE_PFIS_NAO_FIZD
1dsbJ0000000M5NQAU,0055e000007Dr1MAAS,2025-01-28T11:04:38.000+0000,tbhf9me_cesp_pess_juri
1dsbJ0000000M6zQAE,0055e000007Dr0nAAC,2025-01-28T12:05:21.000+0000,tbhf9075_mode_midi_mnsl
1dsbJ0000000M8bQAE,0055e000007Dr0nAAC,2025-01-28T12:10:51.000+0000,tbhf9153_novo_apra_aume_papr
1dsbJ0000000MADQA2,0054X00000E5NyAQAV,2025-01-28T12:13:18.000+0000,TBHF9369_ENCM_CTRU_CCRE
1dsbJ0000000MBpQAM,0055e000007Dr0nAAC,2025-01-28T12:20:48.000+0000,tbhf9266_iti_clie_domn_pix
1dsbJ0000000MDRQA2,0055e000007Dr0nAAC,2025-01-28T12:27:58.000+0000,tbhf9273_melh_ofrt_atc_ated_crto
1dsbJ0000000MF3QAM,0055e000007Dr0nAAC,2025-01-28T12:33:42.000+0000,tbhf9115_info_vcto_otmz
1dsbJ0000000MGfQAM,0055e000007Dr0nAAC,2025-01-28T12:46:49.000+0000,tbhf9346_ctrl_gast_vers_pct
1dsbJ0000000MIHQA2,0055e000007Dr0nAAC,2025-01-28T12:55:54.000+0000,tbhf9257_oper_camb_pnto_cntr
1dsbJ0000000MJtQAM,005bJ00000BB7kfQAD,2025-01-28T12:58:28.000+0000,tbhf9me_icarr_jorn_email_cvrs
1dsbJ0000000MLVQA2,0054X00000EgGaoQAF,2025-01-28T13:23:07.000+0000,tbhf9me_rese_emrg_invt
1dsbJ0000000MOjQAM,0055e000007Dr0iAAC,2025-01-28T13:28:29.000+0000,tbhf9351_acee_clie_cmnc
1dsbJ0000000MQLQA2,0055e000007Dr0nAAC,2025-01-28T13:29:20.000+0000,tbhf9294_prde_sall_alte_vncl
1dsbJ0000000MTZQA2,0055e000007Dr0nAAC,2025-01-28T13:39:52.000+0000,tbhf9269_prpc_clie_rend_papr
1dsbJ0000000MVBQA2,005bJ00000BB7kfQAD,2025-01-28T13:42:42.000+0000,tbhf9me_tabe_pfis_pote_cont_pjur
1dsbJ0000000MbdQAE,0054X00000F3OHlQAN,2025-01-28T14:06:18.000+0000,tbhf9272_cntc_crdi_pfis
1dsbJ0000000MdFQAU,0055e000007Dr0nAAC,2025-01-28T14:08:37.000+0000,tbhf9237_mode_cdfa_radr_invt_ifrd
1dsbJ0000000MerQAE,0054X00000F3OHlQAN,2025-01-28T14:11:01.000+0000,tbhf9134_melh_cvsa_pfis_pcm
1dsbJ0000000MgTQAU,0055e000007Dr0nAAC,2025-01-28T14:14:30.000+0000,TBHF9ME_MULO_CTTO_COBR_PJUR
1dsbJ0000000Mi5QAE,005bJ00000CkpIQQAZ,2025-01-28T14:20:01.000+0000,tbhf9142_melh_cvsa_crta
1dsbJ0000000MlJQAU,005bJ00000BB7kfQAD,2025-01-28T14:29:27.000+0000,tbhf9204_info_clie_alvo_vant
1dsbJ0000000MuzQAE,0054X00000FO7XoQAL,2025-01-28T14:42:26.000+0000,TBHF9261_PARN_COPR_INTC
1dsbJ0000000MwbQAE,0055e000007Dr1MAAS,2025-01-28T14:43:26.000+0000,TBHF9159_CLAF_AUME_PAPR_3MES_6MES
1dsbJ0000000N33QAE,005bJ00000BB7kfQAD,2025-01-28T14:59:30.000+0000,tbhf9198_atbt_pre_migr_crto
1dsbJ0000000N6HQAU,0055e000007Dr0iAAC,2025-01-28T15:01:00.000+0000,tbhf9249_ccre_cccr
1dsbJ0000000N9VQAU,0055e000007Dr0iAAC,2025-01-28T15:05:27.000+0000,tbhf9104_info_cadl_gert_cont_pcm
1dsbJ0000000NELQA2,0055e000007Dr0iAAC,2025-01-28T15:11:38.000+0000,tbhf9211_claf_aume_papr
1dsbJ0000000NFxQAM,0055e000007Dr1MAAS,2025-01-28T15:12:01.000+0000,tbhf9270_mode_melh_cvsa_ppec
1dsbJ0000000NHZQA2,0055e000007Dr1MAAS,2025-01-28T15:23:43.000+0000,TBHF9262_SITU_CPF_VSAO_CONT
1dsbJ0000000NKnQAM,005bJ00000BB7kfQAD,2025-01-28T17:08:41.000+0000,tbhf9141_migr_iti_even_envd
1dsbJ0000000NMPQA2,0055e000007Dr0iAAC,2025-01-28T17:10:09.000+0000,tbhf9258_ind_clie_asna_perf_invd
1dsbJ0000000NO1QAM,0054X00000ElqG1QAJ,2025-01-28T17:12:48.000+0000,tbhf9me_mode_info_egao_glob_pfis_vign
1dsbJ0000000NXhQAM,005bJ00000CkKcoQAF,2025-01-28T18:17:23.000+0000,TBHF9375_CONV_RISC_SCDO_PJUR
1dsbJ0000000NZJQA2,005bJ00000BB7kfQAD,2025-01-28T18:28:33.000+0000,tbhf9359_gast_crto_acum_mnsl
1dsbJ0000000NavQAE,0054X00000FO3oqQAD,2025-01-28T18:39:28.000+0000,TBHF9174_LANC_DEAT_PJUR
1dsbJ0000000NcXQAU,005bJ00000BuMccQAF,2025-01-28T18:42:04.000+0000,TBHF9371_INFO_ATQE_PRDE_SALR
1dsbJ0000000Ne9QAE,0054X00000F3OHlQAN,2025-01-28T18:43:41.000+0000,tbhf9298_iti_clie_domn_ljta
1dsbJ0000000NflQAE,0055e000007Dr1MAAS,2025-01-28T18:49:10.000+0000,tbhf9205_tabe_tran_fatu_cbco
1dsbJ0000000NhNQAU,0055e000007Dr1MAAS,2025-01-28T18:55:16.000+0000,tbhf9063_melh_cana_unfd
1dsbJ0000000NizQAE,0054X00000ElqG1QAJ,2025-01-28T18:56:13.000+0000,tbhf9180_tabe_posi_invt_csld
1dsbJ0000000NkbQAE,0055e000007Dr0nAAC,2025-01-28T19:02:00.000+0000,tbhf9me_poxy_invt
1dsbJ0000000NnpQAE,0055e000007Dr0iAAC,2025-01-28T19:10:31.000+0000,tbhf9216_pre_redu_canm_rott_pjur
1dsbJ0000000NpRQAU,0055e000007Dr0nAAC,2025-01-28T19:12:43.000+0000,tbhf9217_limi_slider
1dsbJ0000000Nr3QAE,0055e000007Dr1MAAS,2025-01-28T19:15:56.000+0000,TBHF9283_BACE_PROD_BANR
1dsbJ0000000NsfQAE,005bJ00000Ckrs2QAB,2025-01-28T19:27:52.000+0000,TBHF9163_SCIO_EMPS_PJUR
1dsbJ0000000NuHQAU,0055e000007Dr0iAAC,2025-01-28T19:34:13.000+0000,tbhf9350_icarr_jorn_email_cvrs_agrp
1dsbJ0000000NvtQAE,0054X00000ElqG1QAJ,2025-01-28T19:38:59.000+0000,tbhf9me_info_vcto_invt
1dsbJ0000000NxVQAU,0055e000007Dr0iAAC,2025-01-28T19:55:52.000+0000,tbhf9me_emai_faso
1dsbJ0000000Nz7QAE,0054X00000F3OHlQAN,2025-01-28T19:58:19.000+0000,tbhf9me_itrc_dspr_pcm
1dsbJ0000000O2LQAU,005bJ00000CkpIQQAZ,2025-01-28T20:05:09.000+0000,tbhf9199_sald_imbo_ccor
1dsbJ0000000O8nQAE,005bJ00000BB7kfQAD,2025-01-28T20:20:02.000+0000,tbhf9367_eleg_wllt
1dsbJ0000000OAPQA2,0055e000007Dr0nAAC,2025-01-28T20:21:15.000+0000,tbhf9338_acee_dda
1dsbJ0000000OC1QAM,005bJ00000Ckrs2QAB,2025-01-28T20:25:56.000+0000,tbhf9195_prpt_hist_cota
1dsbJ0000000ODdQAM,0055e000007Dr0nAAC,2025-01-28T20:27:35.000+0000,tbhf9156_rcra_pix
1dsbJ0000000OGrQAM,0055e000007Dr0nAAC,2025-01-28T20:36:04.000+0000,tbhf9202_clie_autr_deat_cont
1dsbJ0000000OITQA2,0055e000007Dr0nAAC,2025-01-28T20:40:36.000+0000,tbhf9342_rlmt_ppec_banc_ccrt
1dsbJ0000000OK5QAM,0055e000007Dr0nAAC,2025-01-28T20:51:28.000+0000,tbhf9me_mode_melh_cvsa_itgr
1dsbJ0000000ONJQA2,0055e000007Dr0nAAC,2025-01-28T21:11:36.000+0000,tbhf9275_lanc_futu_deat_pjur
1dsbJ0000000OS9QAM,0055e000007Dr0nAAC,2025-01-28T21:22:27.000+0000,tbhf9169_bole_aber_pfis
1dsbJ0000000OTlQAM,0055e000007Dr0nAAC,2025-01-28T21:29:06.000+0000,tbhf9me_pre_negd_crto
1dsbJ0000000OVNQA2,0054X00000ElqG1QAJ,2025-01-28T22:46:22.000+0000,tbhf9me_ctrt_csrc
1dsbJ0000000OYbQAM,0054X00000ElqG1QAJ,2025-01-28T23:25:09.000+0000,TBHF9265_ITI_CLIE_DOMN_CMPO
1dsbJ0000000OaDQAU,0054X00000ElqG1QAJ,2025-01-28T23:38:20.000+0000,tbhf9193_iti_clie_domn_cto_cont
1dsbJ0000000ObpQAE,0054X00000ElqG1QAJ,2025-01-28T23:41:34.000+0000,tbhf9302_iti_clie_domn_pgto_cont
1dsbJ0000000OdRQAU,0054X00000F3OHlQAN,2025-01-29T13:11:03.000+0000,tbhf9me_icarr_acee_cmnc_emai
1dsbJ0000000Of3QAE,0055e000007Dr1MAAS,2025-01-29T13:13:48.000+0000,TBHF9259_ITI_CLIE_DOMN_CONT
1dsbJ0000000OgfQAE,0055e000007Dr1MAAS,2025-01-29T13:21:12.000+0000,tbhf9me_info_poup_cezd_invt
1dsbJ0000000OiHQAU,0054X00000F3OHlQAN,2025-01-29T13:29:21.000+0000,tbhf9135_ctrl_gast
1dsbJ0000000OjtQAE,0055e000007Dr0nAAC,2025-01-29T13:37:00.000+0000,tbhf9196_info_cada_itau_crrt
1dsbJ0000000OlVQAU,0054X00000ElqG1QAJ,2025-01-29T13:37:39.000+0000,tbhf9194_iti_clie_domn_rcga
1dsbJ0000000OojQAE,0055e000007Dr0nAAC,2025-01-29T13:42:58.000+0000,tbhf9086_bole_aber
1dsbJ0000000OtZQAU,0055e000007Dr1MAAS,2025-01-29T13:57:51.000+0000,TBHF9184_INFO_UTIZ_MEIO_PGTO
1dsbJ0000000OwnQAE,0055e000007Dr1MAAS,2025-01-29T14:05:37.000+0000,tbhf9me_aces_ion
1dsbJ0000000OyPQAU,0054X00000EgGaoQAF,2025-01-29T14:06:54.000+0000,TBHF9ME_ENCR_PROD_ROTT_45D_2
1dsbJ0000000P01QAE,0055e000007Dr0iAAC,2025-01-29T14:11:24.000+0000,tbsz3123_tabe_emai_clie_recu
1dsbJ0000000P1dQAE,005bJ00000BB7kfQAD,2025-01-29T14:16:22.000+0000,tbhf9148_alte_limi_cont
1dsbJ0000000P3FQAU,005bJ00000BB7kfQAD,2025-01-29T14:27:54.000+0000,tbhf9252_soma_gast_ccre_cate
1dsbJ0000000P6TQAU,0055e000007Dr0nAAC,2025-01-29T14:38:32.000+0000,tbhf9277_cmnc_prpt_crmo
1dsbJ0000000P85QAE,005bJ00000BB7kfQAD,2025-01-29T14:42:15.000+0000,tbhf9166_claf_perf_invd
1dsbJ0000000P9hQAE,0055e000007Dr0iAAC,2025-01-29T14:47:23.000+0000,tbhf9me_acee_clie_cmnc_rene
1dsbJ0000000PBJQA2,0055e000007Dr0nAAC,2025-01-29T14:49:54.000+0000,tbhf9287_rlmt_clie_vant_pjur
1dsbJ0000000PCvQAM,0055e000007Dr0nAAC,2025-01-29T14:57:35.000+0000,tbhf9201_trca_moda_debt_cred_pfis
1dsbJ0000000PEXQA2,0055e000007Dr0nAAC,2025-01-29T15:03:21.000+0000,tbhf9243_ctrt_tag
1dsbJ0000000PHlQAM,0054X00000E5WHUQA3,2025-01-29T15:10:35.000+0000,tbhf9me_abet_cont_cnpj
1dsbJ0000000PKzQAM,0055e000007Dr1MAAS,2025-01-29T15:15:49.000+0000,tbhf9296_icarr_anne_pjur_emai_camp
1dsbJ0000000PMbQAM,0055e000007Dr0nAAC,2025-01-29T15:20:37.000+0000,tbhf9297_icarr_anne_pjur_emai_cvrs
1dsbJ0000000PODQA2,0054X00000EgGaoQAF,2025-01-29T15:21:09.000+0000,TBHF9207_VLR_GLOB_INVT
1dsbJ0000000PPpQAM,0055e000007Dr1MAAS,2025-01-29T15:23:20.000+0000,tbhf9295_icarr_anne_pjur_emai_finn
1dsbJ0000000PRRQA2,0055e000007Dr0nAAC,2025-01-29T15:38:46.000+0000,tbhf9337_pre_debt_enqu_crto
1dsbJ0000000PT3QAM,0055e000007Dr0nAAC,2025-01-29T15:47:29.000+0000,tbhf9291_cotc_oper_camb
1dsbJ0000000PUfQAM,0055e000007Dr0nAAC,2025-01-29T15:51:44.000+0000,tbhf9222_ind_camp_reno_crdi
1dsbJ0000000PXtQAM,005bJ00000CkpIQQAZ,2025-01-29T16:18:29.000+0000,TBHF9ME_POSE_CHAV_PIX_CACD
1dsbJ0000000Pb7QAE,005bJ00000BxLiAQAV,2025-01-29T17:34:03.000+0000,tbhf9239_sper_data_pote_acum
1dsbJ0000000PcjQAE,0054X00000E5WHUQA3,2025-01-29T17:48:41.000+0000,TBHF9286_PRDU_CRTR_PARL_PJUR
1dsbJ0000000PeLQAU,005bJ00000CkpIQQAZ,2025-01-29T18:22:35.000+0000,TBHF9227_UTIZ_10D_LIMI_CONT
1dsbJ0000000PfxQAE,0055e000007Dr1MAAS,2025-01-29T18:23:57.000+0000,tbhf9me_simu_prod_crho_aban
1dsbJ0000000PhZQAU,0055e000007Dr1MAAS,2025-01-29T18:28:38.000+0000,tbhf9274_melh_cana_agru_clsr
1dsbJ0000000PjBQAU,0055e000007Dr1MAAS,2025-01-29T18:33:27.000+0000,tbhf9me_prpt_crto_cred
1dsbJ0000000PknQAE,0055e000007Dr1MAAS,2025-01-29T18:40:52.000+0000,tbhf9290_ccor_itau_empr_cnoa
1dsbJ0000000PmPQAU,0055e000007Dr0nAAC,2025-01-29T18:41:49.000+0000,tbfs4me_cada_cont_core_clie
1dsbJ0000000Po1QAE,005bJ00000BuO9cQAF,2025-01-29T18:51:59.000+0000,TBHF9362_META_FINN_SALD
1dsbJ0000000PpdQAE,0054X00000EgGaoQAF,2025-01-29T18:57:38.000+0000,tbhf9191_cicl_vida_invd_grup_squd
1dsbJ0000000PsrQAE,0055e000007Dr0nAAC,2025-01-29T19:17:44.000+0000,tbhf9082_limi_rott_diar_pjur
1dsbJ0000000Pw5QAE,0055e000007Dr0iAAC,2025-01-29T19:25:13.000+0000,tbhf90010_ccor_dado_manu_sele
1dsbJ0000000Q2XQAU,0054X00000E5WHUQA3,2025-01-29T19:44:57.000+0000,TBHF9315_BOLE_COBR_RENE_PJUR
1dsbJ0000000Q49QAE,0055e000007Dr0iAAC,2025-01-29T19:45:47.000+0000,tbhf90009_ccre_dado_manu_sele
1dsbJ0000000Q7NQAU,005bJ00000Bu9ygQAB,2025-01-29T19:53:35.000+0000,CAPI_Abertura_Personalization
1dsbJ0000000Q8zQAE,0054X00000E5WHUQA3,2025-01-29T21:12:24.000+0000,tbhf9301_gatl_sald_cont
1dsbJ0000000QAbQAM,005bJ00000BxLiAQAV,2025-01-29T21:28:47.000+0000,TBHF9250_CCRE_OVRL
1dsbJ0000000QCDQA2,0054X00000F4WNZQA3,2025-01-30T11:26:37.000+0000,TBHF9361_CNTC_ANTE_FGTS
1dsbJ0000000QDpQAM,005bJ00000CkpIQQAZ,2025-01-30T11:45:06.000+0000,tbhf9157_tabe_cart_cont_cbco
1dsbJ0000000QH3QAM,0055e000007Dr1MAAS,2025-01-30T13:58:36.000+0000,TBHF9ME_INFO_ACES_CANA_MBOE_CRTO
1dsbJ0000000QIfQAM,005bJ00000BB7kfQAD,2025-01-30T14:01:58.000+0000,TBHF9ME_INFO_VEND_SEGU
1dsbJ0000000QKHQA2,0054X00000FO2dSQAT,2025-01-30T14:16:24.000+0000,TBHF9326_NUM_TEL_PJUR_PCM
1dsbJ0000000QLtQAM,0054X00000Elr1lQAB,2025-01-30T14:33:49.000+0000,tbhf9318_emai_pjur_dado_cobr
1dsbJ0000000QNVQA2,0054X00000F3OHlQAN,2025-01-30T14:35:28.000+0000,tbhf9267_iti_clie_domn_meta
1dsbJ0000000QP7QAM,005bJ00000BB7kfQAD,2025-01-30T14:38:19.000+0000,tbhf9234_mode_blse
1dsbJ0000000QTxQAM,005bJ000008AS8EQAW,2025-01-30T15:03:58.000+0000,TBHF9321_NUM_TEL_PJUR_DADO_COBR
1dsbJ0000000QVZQA2,0054X00000Elr1lQAB,2025-01-30T15:05:34.000+0000,TBHF9319_EMAI_PJUR_OFRT_DADO
1dsbJ0000000QXBQA2,0054X00000ElqG1QAJ,2025-01-30T16:25:27.000+0000,TBFS4ME_TABE_VSAO_PERF_CLIE
1dsbJ0000000QaPQAU,0054X00000FO7XoQAL,2025-01-30T16:56:18.000+0000,TBHF9381_CCLA_CAMB
1dsbJ0000000Qc1QAE,005bJ00000BB7kfQAD,2025-01-30T16:56:43.000+0000,tbhf9145_ctrt_finm_imol
1dsbJ0000000QddQAE,0055e000007Dr1MAAS,2025-01-30T17:09:42.000+0000,TBHF9264_ITI_CLIE_DOMN_COBR_CTO_CRED
1dsbJ0000000QiTQAU,0054X00000FO2dSQAT,2025-01-30T18:57:22.000+0000,TBHF9328_NUM_TEL_PJUR_SEM_DADO_FINN
1dsbJ0000000Qk5QAE,005bJ00000CkKcoQAF,2025-01-30T19:00:17.000+0000,tbhf9333_tokn_cmtr_mboe_pj
1dsbJ0000000QlhQAE,005bJ00000CkKcoQAF,2025-01-30T19:08:55.000+0000,tbhf9335_emai_pjur_sem_dado_finn
1dsbJ0000000QnJQAU,0054X00000Elr1lQAB,2025-01-30T19:12:14.000+0000,TBHF9320_ENDE_EMAI_CLIE_PJUR_PCM
1dsbJ0000000QovQAE,005bJ000008AS8EQAW,2025-01-30T19:31:23.000+0000,TBHF9323_ACEE_CLIE_CMNC_PJUR
1dsbJ0000000QqXQAU,005bJ00000CkKcoQAF,2025-01-30T20:19:22.000+0000,tbhf9331_rlmt_itau_cnpj_anat
1dsbJ0000000QwzQAE,005bJ00000CkKcoQAF,2025-01-30T20:51:19.000+0000,tbhf9322_emai_scio_pess_juri
1dsbJ0000000R0DQAU,0054X00000FO2dSQAT,2025-01-30T21:26:00.000+0000,TBHF9329_SPER_CADA_PESS_JURI
1dsbJ0000000R1pQAE,0055e000007Dr0iAAC,2025-01-30T21:26:52.000+0000,tbhf9244_pref_clie_cmnc_cana
1dsbJ0000000R6fQAE,0054X00000FO2dSQAT,2025-01-31T12:00:24.000+0000,TBHF9ME_MELH_CVSA_PJ
1dsbJ0000000R8HQAU,0054X00000ElqG1QAJ,2025-01-31T13:33:34.000+0000,tbhf9247_trmn_isen_paco_tari
1dsbJ0000000R9tQAE,0055e000007Dr0iAAC,2025-01-31T14:03:54.000+0000,TBHF9248_PAPR_CCRE
1dsbJ0000000RBVQA2,0055e000007Dr0nAAC,2025-01-31T14:20:20.000+0000,tbhf9011_scor_prps_ppec
1dsbJ0000000RD7QAM,0054X00000FO2dSQAT,2025-01-31T14:44:23.000+0000,TBHF9ME_TEL_SCIO_PESS_JURI
1dsbJ0000000REjQAM,0055e000007Dr0iAAC,2025-01-31T14:55:26.000+0000,tbhf9170_mode_melh_cana
1dsbJ0000000RHxQAM,0054X00000E5NyAQAV,2025-01-31T17:41:28.000+0000,TBHF9363_CMNC_RETO_CNTS_VISA_MAST
1dsbJ0000000RJZQA2,0054X00000ElqG1QAJ,2025-01-31T17:46:17.000+0000,tbhf9263_info_apli_auta_cntr
1dsbJ0000000RLBQA2,0055e000007Dr0nAAC,2025-01-31T17:59:37.000+0000,tbhf9241_susp_banr_rede
1dsbJ0000000ROPQA2,0055e000007Dr0nAAC,2025-02-01T13:13:11.000+0000,tbhf9me_info_ulti_movm_invt_apli
1dsbJ0000000RQ1QAM,0055e000007Dr0nAAC,2025-02-01T13:28:43.000+0000,tbhf9214_info_invt_difc_aloc
1dsbJ0000000RRdQAM,0055e000007Dr0nAAC,2025-02-01T13:42:40.000+0000,tbhf9192_iti_clie_domn_cto_cred
1dsbJ0000000RTFQA2,0055e000007Dr0nAAC,2025-02-01T13:56:36.000+0000,tbhf9120_cotm_aber_fnma
1dsbJ0000000RUrQAM,005bJ000008AS8EQAW,2025-02-03T15:02:22.000+0000,TBHF9325_TEL_PJUR_OFRT_DADO
1dsbJ0000000RcvQAE,0055e000007Dr0sAAC,2025-02-04T22:01:59.000+0000,tbhf9373_algr_orde_ofrt
1dsbJ0000000RhlQAE,0055e000007Dr0iAAC,2025-02-06T13:26:09.000+0000,tbhf9235_ccre_cccr_fatu
1dsbJ0000000RjNQAU,0055e000007Dr0nAAC,2025-02-06T13:36:07.000+0000,tbhf9345_cada_chav_pix
1dsbJ0000000RmbQAE,005bJ00000CkKcoQAF,2025-02-06T20:35:24.000+0000,TBHF9368_SEGU_CNTR_PJUR
1dsbJ0000000RppQAE,0054X00000ElqG1QAJ,2025-02-07T13:00:41.000+0000,tbhf9me_icarr_acee_cmnc_emai_v2
1dsbJ0000000RrRQAU,0054X00000FO7XoQAL,2025-02-07T14:31:41.000+0000,TBHF9131_MOTI_DECS_JA_CLIE
1dsbJ0000000RufQAE,005bJ00000Bg8uKQAR,2025-02-07T14:46:32.000+0000,tbhf9380_parn_fatu_ccre_clie
1dsbJ0000000RwHQAU,0055e000007Dr0iAAC,2025-02-07T20:33:17.000+0000,tbhf9388_tel_pfis_finl_cada
1dsbJ0000000RxtQAE,0055e000007Dr0iAAC,2025-02-07T20:38:13.000+0000,tbhf9389_tel_pfis_finl_cobr
1dsbJ0000000RzVQAU,0055e000007Dr0iAAC,2025-02-07T20:41:59.000+0000,tbhf9391_tel_pfis_finl_sem_finn
1dsbJ0000000S17QAE,0055e000007Dr0iAAC,2025-02-07T20:44:02.000+0000,tbhf9390_tel_pfis_finl_com_finn
1dsbJ0000000S2jQAE,0054X00000F4WNZQA3,2025-02-10T13:43:16.000+0000,TBHF9366_MELH_CVSA_RECU
1dsbJ0000000S4LQAU,0055e000007Dr0nAAC,2025-02-10T13:54:01.000+0000,tbhf9403_melh_cvsa_cnno_vert
1dsbJ0000000S5xQAE,0055e000007Dr0iAAC,2025-02-10T14:13:40.000+0000,TBHF9404_CCRE_FATU_PARN_ROTT
1dsbJ0000000S9BQAU,0055e000007Dr0iAAC,2025-02-10T20:30:24.000+0000,tbhf9406_enem_sint
1dsbJ0000000SAnQAM,0055e000007Dr0nAAC,2025-02-11T12:01:09.000+0000,tbhf9021_isen_bonu_adapt_cont_core
1dsbJ0000000SCPQA2,0054X00000F3OHlQAN,2025-02-11T12:57:07.000+0000,tbhf9255_iti_clie_domn_depo
1dsbJ0000000SE1QAM,005bJ0000096jzrQAA,2025-02-11T15:22:41.000+0000,TBHF9387_CNTC_FINM_VEIC
1dsbJ0000000SFdQAM,005bJ00000BuMccQAF,2025-02-11T17:54:21.000+0000,TBHF9399_INFO_CLIE_ELGD_OPF
1dsbJ0000000SIrQAM,005bJ00000DCFOtQAP,2025-02-11T19:43:40.000+0000,TBHF9370_CTRT_PACO_SERV_CMBD
1dsbJ0000000SKTQA2,0055e000007Dr0iAAC,2025-02-11T20:08:07.000+0000,tbhf9392_cnsa
1dsbJ0000000SNhQAM,0055e000007Dr0iAAC,2025-02-11T20:39:15.000+0000,tbhf9074_acee_clie_cmnc_rene
1dsbJ0000000SPJQA2,0054X00000FO2dSQAT,2025-02-12T12:02:55.000+0000,TBHF9401_MOVM_ROTT_EMPR_PJUR
1dsbJ0000000SQvQAM,0054X00000F3OHlQAN,2025-02-12T17:28:34.000+0000,tbhf9288_rela_apon_cadl_clie
1dsbJ0000000SSXQA2,005bJ00000BuMccQAF,2025-02-12T19:01:18.000+0000,TBHF9372_INFO_DEFS_PRDE_SALR
1dsbJ0000000SU9QAM,0055e000007Dr0nAAC,2025-02-13T12:31:36.000+0000,tbhf9378_info_tran_autr_ccre
1dsbJ0000000SVlQAM,0054X00000F4WNZQA3,2025-02-13T14:47:42.000+0000,TBHF9379_CADA_VEIC_DTRA
1dsbJ0000000SabQAE,005bJ00000CkKcoQAF,2025-02-14T11:55:57.000+0000,tbhf9398_vrvl_prod_ante_auta
1dsbJ0000000SdpQAE,0054X00000E5NyAQAV,2025-02-14T15:50:29.000+0000,TBHF9409_ELGD_PIX_CRED
1dsbJ0000000SfRQAU,005bJ00000BB7kfQAD,2025-02-14T17:41:15.000+0000,tbhf9412_melh_cvsa_cnno_hori
1dsbJ0000000Sh3QAE,0054X00000FO7XoQAL,2025-02-14T18:52:39.000+0000,TBHF9405_CRED_GARA_IMOV_FINC
1dsbJ0000000StxQAE,0054X00000F3OHlQAN,2025-02-18T17:57:25.000+0000,tbhf9215_info_cadl_cont_crto_mnsl
1dsbJ0000000SynQAE,0054X00000F3OHlQAN,2025-02-19T12:26:32.000+0000,tbhf9280_prde_atqe
1dsbJ0000000T0PQAU,0054X00000F3OHlQAN,2025-02-19T12:41:23.000+0000,tbhf9300_icarr_anne_pfis_fizd
1dsbJ0000000T5FQAU,0054X00000ElqG1QAJ,2025-02-20T18:19:04.000+0000,tbhf9284_prpt_crto_cred
1dsbJ0000000T8TQAU,0054X00000FO8qsQAD,2025-02-20T21:05:34.000+0000,tb_sfdc_cada_clie_atac-tb_sfdc_cada_clie_atac
1dsbJ0000000TA5QAM,005bJ0000096jzrQAA,2025-02-21T14:17:58.000+0000,TBHF9416_PSSU_CONT_INTC
1dsbJ0000000TDJQA2,005bJ00000DCFOtQAP,2025-02-21T21:35:22.000+0000,TBHF9382_CURN_PRDE
1dsbJ0000000TEvQAM,0054X00000Elq5hQAB,2025-02-24T15:48:34.000+0000,TBHF9377_SIST_PGTO_ITAU_v2
1dsbJ0000000TGXQA2,0055e000007Dr0nAAC,2025-02-24T19:07:02.000+0000,tbhf9422_apon_cadl_clie
1dsbJ0000000TI9QAM,005bJ00000BB7kfQAD,2025-02-24T19:27:25.000+0000,tbhf9339_info_vcto_invt
1dsbJ0000000TLNQA2,0054X00000F4WNZQA3,2025-02-25T15:39:43.000+0000,TBHF9356_MRCC_ACES_CNNO
1dsbJ0000000TQDQA2,005bJ00000BuO9cQAF,2025-02-25T20:43:30.000+0000,TBHF9407_TAG_REGZ_MPGO
1dsbJ0000000TTRQA2,0054X00000F4WNZQA3,2025-02-26T16:14:46.000+0000,TBHF9357_PGTO_ANUI_CRTO
1dsbJ0000000TYHQA2,005bJ0000096jzrQAA,2025-02-26T18:38:07.000+0000,TBHF9251_INFO_PARC_CTRT_RENE
1dsbJ0000000TbVQAU,0054X00000FO7XoQAL,2025-02-27T14:27:16.000+0000,TBHF9421_INFO_PUBI_INSS
1dsbJ0000000TejQAE,005bJ00000CkKcoQAF,2025-02-27T16:40:15.000+0000,tbhf9419_base_tabu_ctral
1dsbJ0000000TgLQAU,005bJ00000CkKcoQAF,2025-02-27T16:55:52.000+0000,tbhf9423_rede_rav_diar
1dsbJ0000000ThxQAE,0054X00000ElqG1QAJ,2025-02-27T19:58:49.000+0000,tbhf9178_info_poup_cezd_invt
1dsbJ0000000Tq1QAE,0054X00000Elq5hQAB,2025-02-28T14:30:52.000+0000,tbhf9293_sist_pgto_outr
1dsbJ0000000TrdQAE,005bJ00000CkKcoQAF,2025-03-03T17:41:32.000+0000,tbhf9424_melh_cvsa_cend_obog
1dsbJ0000000TtFQAU,005bJ00000BuMccQAF,2025-03-05T17:53:57.000+0000,TBHF9418_PAPR_EMPT_PESL
1dsbJ0000000TwTQAU,005bJ00000DCFOtQAP,2025-03-06T17:33:12.000+0000,TBHF9400_COTM_OPF
1dsbJ0000000Ty5QAE,0054X00000FNxRHQA1,2025-03-06T18:51:17.000+0000,TBHF9425_CSUM_LIMI_CAMB
1dsbJ0000000TzhQAE,0055e000007Dr0iAAC,2025-03-07T13:01:48.000+0000,tbhf9430_enem_pfis_finl_recu
1dsbJ0000000U1JQAU,0054X00000FNxRHQA1,2025-03-07T13:49:29.000+0000,tbhf9420_cntc_sbma_rene
1dsbJ0000000U2vQAE,0054X00000FO8r1QAD,2025-03-07T18:21:02.000+0000,tb_sfdc_apontamentos_atac-tb_sfdc_apontamentos_atac
1dsbJ0000000U4XQAU,0054X00000F3OHlQAN,2025-03-10T14:01:19.000+0000,tbhf9260_info_tran_autr_ramo_pace
1dsbJ0000000U9NQAU,005bJ00000BB7kfQAD,2025-03-11T14:31:16.000+0000,tbhf9384_icarr_acee_cmnc_emai
1dsbJ0000000UAzQAM,005bJ00000BuO9cQAF,2025-03-11T14:58:33.000+0000,TBHF9396_CADA_TAG_ITAU_CNER
1dsbJ0000000UHRQA2,005bJ00000CnSNtQAN,2025-03-11T19:48:18.000+0000,tbhf9349_icarr_anne_pfis_nao_fizd
1dsbJ0000000UKfQAM,005bJ00000BuO9cQAF,2025-03-12T16:43:16.000+0000,TBHF9397_CADA_TAG_ITAU
1dsbJ0000000UNtQAM,0054X00000F4WNZQA3,2025-03-13T16:48:43.000+0000,TBHF9428_DEBT_CRTO_ENQD
1dsbJ0000000USjQAM,0055e000007CR3PAAW,2025-03-14T15:16:41.000+0000,TBHF9429_INEO_PUBI_PRE_CONT
1dsbJ0000000UULQA2,0055e000007Dr0nAAC,2025-03-17T12:13:36.000+0000,tbhf9314_encr_fech_prdo_limi_cont
1dsbJ0000000UXZQA2,0055e000007CP62AAG,2025-03-18T14:04:36.000+0000,tbhf9414_bole_rcra_agnd
1dsbJ0000000UZBQA2,005bJ00000BB7kfQAD,2025-03-18T14:21:35.000+0000,tbhf9442_info_aces_cana_mboe_crto
1dsbJ0000000Um5QAE,005bJ000008AS8EQAW,2025-03-20T17:49:28.000+0000,TBHF9395_OBOG_DADO_ABET_CONT
1dsbJ0000000UsXQAU,0054X00000F4WNZQA3,2025-03-21T10:58:51.000+0000,TBHF9435_MRCC_NICH_MEDC
1dsbJ0000000Uu9QAE,0055e000007Dr0nAAC,2025-03-21T12:50:37.000+0000,tbhf9230_cada_cont_core_clie
1dsbJ0000000UvlQAE,005bJ00000BB7kfQAD,2025-03-21T14:05:59.000+0000,tbhf9167_pose_chav_pix_cacd
1dsbJ0000000UxNQAU,005bJ00000Bg8uKQAR,2025-03-22T18:25:18.000+0000,tbhf9393_csld_bole_pgto_debt_auta
1dsbJ0000000V3pQAE,005bJ0000096jzrQAA,2025-03-24T18:57:54.000+0000,TBHF9415_PROP_RNDT_BRUT
1dsbJ0000000VAHQA2,0054X00000FNxRHQA1,2025-03-25T12:22:59.000+0000,tbhf9432_cred_invd_atrs
1dsbJ0000000VDVQA2,0054X00000FO8r1QAD,2025-03-25T16:54:08.000+0000,tb_sfdc_sald_mdio_maxi_limi_clie_atac-tb_sfdc_sald_mdio_maxi_limi_clie_atac
1dsbJ0000000VOnQAM,0054X00000ElqG1QAJ,2025-03-26T15:21:18.000+0000,tbhf9268_ctrt_csrc
1dsbJ0000000VVFQA2,005bJ00000BuMccQAF,2025-03-27T18:59:08.000+0000,TBHF9443_ESTO_POVI_FATU
1dsbJ0000000VYTQA2,0055e000007Dr0nAAC,2025-03-28T11:58:40.000+0000,tbhf9226_clie_cntd_reto_vai_pcm
1dsbJ0000000Va5QAE,0054X00000FO8qsQAD,2025-03-28T20:15:30.000+0000,tb_sfdc_manual_bkl-tb_sfdc_manual_bkl
1dsbJ0000000VjlQAE,0054X00000E5NyAQAV,2025-04-02T15:57:42.000+0000,TBHF9461_CMNC_RETO_CNTS_VISA_MAST
1dsbJ0000000VlNQAU,0055e000007Dr0nAAC,2025-04-02T18:48:28.000+0000,tbhf9411_cada_cont_inat_15dia
1dsbJ0000000VmzQAE,005bJ00000FHkQxQAL,2025-04-02T19:37:40.000+0000,TBHF9452_CANA_ORIG_VEND_CRTO_PJUR
1dsbJ0000000VtRQAU,0055e000007Dr0nAAC,2025-04-04T12:11:14.000+0000,tbhf9408_excu_pcm
1dsbJ0000000VwfQAE,0054X00000Elq5hQAB,2025-04-04T15:14:30.000+0000,TBHF9106_PGTO_PIX_EMDO
1dsbJ0000000WHdQAM,005bJ00000FHkQxQAL,2025-04-08T12:36:56.000+0000,TBHF9451_RETO_CTTO_DYNA
1dsbJ0000000WJFQA2,005bJ00000BB7kfQAD,2025-04-09T13:34:26.000+0000,tbhf9285_info_ulti_movm_invt_apli
1dsbJ0000000WPhQAM,0055e000007Dr0sAAC,2025-04-09T20:35:58.000+0000,tbhf9434_prco_abet_esto
1dsbJ0000000WRJQA2,0054X00000F4WNZQA3,2025-04-10T14:28:46.000+0000,TBHF9457_CTRL_GAST_VERS_HORI
1dsbJ0000000Wj3QAE,0054X00000F4WNZQA3,2025-04-15T20:30:34.000+0000,TBHF9023_INFO_TRAN_CRBO
1dsbJ0000000WntQAE,005bJ0000096jzrQAA,2025-04-16T13:50:24.000+0000,TBHF9454_SUGE_CNPJ
1dsbJ0000000Wr7QAE,005bJ00000BB7kfQAD,2025-04-16T14:56:36.000+0000,tbhf9427_rend_elto
1dsbJ0000000WuLQAU,0054X00000F4WNZQA3,2025-04-22T12:45:10.000+0000,TBHF9467_MRCC_LED_VIAG
1dsbJ0000000X7FQAU,0054X00000ElpeMQAR,2025-04-22T18:23:07.000+0000,tbhf9001_agrg_mrke_hom-tbhf9001_agrg_mrke_hom
1dsbJ0000000XDhQAM,0054X00000Elq5hQAB,2025-04-23T13:01:58.000+0000,tbhf9440_stby_tari
1dsbJ0000000XNNQA2,005bJ00000FHkQxQAL,2025-04-25T15:13:54.000+0000,TBHF9464_RETO_CANA_WHTP_PJUR
1dsbJ0000000XOzQAM,005bJ00000FHkQxQAL,2025-04-25T18:07:58.000+0000,TBHF9465_PRPT_CRMT_REDE_PJUR
1dsbJ0000000XnBQAU,0055e000007Dr0sAAC,2025-05-02T13:51:51.000+0000,tbhf9466_club_bene
1dsbJ0000000XtdQAE,0054X00000FO7XoQAL,2025-05-05T14:30:55.000+0000,TBHF9458_OFRT_HUB_CRED
1dsbJ0000000XyTQAU,005bJ00000BB7kfQAD,2025-05-06T20:16:34.000+0000,tbhf9292_encr_prod_rott_45d
1dsbJ0000000Y05QAE,0054X00000FO7XoQAL,2025-05-07T13:06:14.000+0000,TBHF9182_PROG_MNHA_VANT_V2
1dsbJ0000000Y1hQAE,0054X00000FO8r1QAD,2025-05-08T13:00:30.000+0000,Opportunity_00D8a000001JjmQ
1dsbJ0000000Y4vQAE,0054X00000F4WNZQA3,2025-05-12T12:23:09.000+0000,TBHF9469_PRE_APRA_CSGND
1dsbJ0000000YEbQAM,0055e000007Dr0sAAC,2025-05-13T18:54:23.000+0000,tbhf9447_stby_clie_csvr
1dsbJ0000000YHpQAM,0054X00000FNxRHQA1,2025-05-14T16:40:22.000+0000,TBHF9437_CMNC_GAME_CRED
1dsbJ0000000YL3QAM,0054X00000FO7XoQAL,2025-05-15T16:06:12.000+0000,TBHF9477_ATUI_CADL
1dsbJ0000000YOHQA2,0054X00000ElqG1QAJ,2025-05-16T16:03:37.000+0000,tbhf9410_vsao_perf_clie
1dsbJ0000000YUjQAM,0054X00000F4WNZQA3,2025-05-19T11:40:32.000+0000,TBHF9481_INFER_POSE_VEIC
1dsbJ0000000YrJQAU,0054X00000E5NyAQAV,2025-05-20T13:03:42.000+0000,TBHF9476_STAT_FATU_CCRE_CORT_ULTI_45D
1dsbJ0000000YsvQAE,005bJ0000096jzrQAA,2025-05-20T13:28:40.000+0000,TBHF9453_MIGR_CONT
1dsbJ0000000YuXQAU,0054X00000F4WNZQA3,2025-05-20T16:01:08.000+0000,TBHF9483_CLSR_OPF
1dsbJ0000000YzNQAU,0055e000007Dr0sAAC,2025-05-21T19:51:07.000+0000,tbhf9446_info_nota_crno
1dsbJ0000000ZH7QAM,0054X00000F4WNZQA3,2025-05-23T16:41:01.000+0000,TBHF9484_PEDI_SDS
1dsbJ0000000ZIjQAM,0054X00000F4WNZQA3,2025-05-26T12:54:31.000+0000,TBHF9480_CSRC_CLIE_NEGD_FINM_IMOV
1dsbJ0000000ZPBQA2,0054X00000FO8r1QAD,2025-05-26T18:13:41.000+0000,User_00D8a000001JjmQ
1dsbJ0000000ZVdQAM,005bJ0000096jzrQAA,2025-05-27T19:26:14.000+0000,TBHF9431_NEGA_ATRS
1dsbJ0000000ZXFQA2,0054X00000FO7XoQAL,2025-05-27T19:43:33.000+0000,TBHF9251_INFO_PARC_CTRT_RENE_FIX
1dsbJ0000000ZYrQAM,0054X00000F4WNZQA3,2025-05-29T13:25:32.000+0000,TBHF9426_CFMC_OPF_V2
1dsbJ0000000Zc5QAE,005bJ00000FHkQxQAL,2025-05-29T20:55:26.000+0000,TBHF9474_PRPT_FINM_VEIC_PJUR
1dsbJ0000000ZdhQAE,0055e000007CR3PAAW,2025-05-29T21:02:35.000+0000,TBHF9ME_CLIE_PROD_PRE_APRA
1dsbJ0000000ZiXQAU,0055e000007CP62AAG,2025-06-02T12:14:00.000+0000,tbhf9475_ccre_copr_exti
1dsbJ0000000ZnNQAU,005bJ00000BB7kfQAD,2025-06-02T15:10:43.000+0000,tbhf9482_rese_emrg_invt
1dsbJ0000000ZvRQAU,005bJ00000BB7kfQAD,2025-06-02T17:48:07.000+0000,tbhf9433_abet_cont_cnpj
1dsbJ0000000ZyfQAE,0054X00000ETfUVQA1,2025-06-02T19:52:55.000+0000,pj_recuperacao_credito_criterio_saida-cliente-contrato-recup-cred
1dsbJ0000000a1tQAA,005bJ00000FHkQxQAL,2025-06-02T21:18:27.000+0000,TBHF9479_CMNC_CLIE_CCF_PJUR
1dsbJ0000000a3VQAQ,005bJ00000BB7kfQAD,2025-06-02T21:22:06.000+0000,tbhf9492_poxy_invt_aws
1dsbJ0000000aBZQAY,0054X00000F4WNZQA3,2025-06-04T14:27:32.000+0000,TBHF9485_RCMD_ATLO_ITLG
1dsbJ0000000aMrQAI,0054X00000FNxRHQA1,2025-06-06T19:48:34.000+0000,TBHF9ME_ENCR_FECH_PRDO_LIMI_CONT
1dsbJ0000000aQ5QAI,0054X00000FO8r1QAD,2025-06-10T16:27:01.000+0000,tb_sfdc_vcto_clie_atac-tb_sfdc_vcto_clie_atac
1dsbJ0000000amfQAA,0054X00000FNxRHQA1,2025-06-11T13:03:16.000+0000,TBHF9495_CLIE_PAPR_MESM_VLR
1dsbJ0000000aoHQAQ,0054X00000FNxRHQA1,2025-06-11T16:05:34.000+0000,TBHF9497_PAPR_CRED_INVD_PREA
1dsbJ0000000aptQAA,0054X00000Elq5hQAB,2025-06-12T17:32:04.000+0000,tbhf9472_cmnc_pgto_tari_ccor
1dsbJ0000000bNlQAI,0054X00000F4WNZQA3,2025-06-16T16:28:45.000+0000,TBHF9501_PAPR_AUME_LIMI_CONT
1dsbJ0000000bQzQAI,005bJ00000FHkQxQAL,2025-06-16T17:24:50.000+0000,TBHF9487_CLIE_EMPS_BOLE_CCSN_PJUR
1dsbJ0000000bUDQAY,0054X00000FO7XoQAL,2025-06-17T10:56:03.000+0000,TBHF9493_JORN_INTS
1dsbJ0000000bVpQAI,005bJ0000096jzrQAA,2025-06-17T13:44:43.000+0000,TBHF9500_CLIE_ATIV_LIMI_CONT
1dsbJ0000000bkLQAQ,005bJ00000FHkQxQAL,2025-06-18T19:04:06.000+0000,TBHF9499_ESRA_BASE_EXTO_PJUR
1dsbJ0000000bnZQAQ,005bJ00000IOgoiQAD,2025-06-18T20:01:47.000+0000,TBHF9488_CUBO_CNQS_PJUR
1dsbJ0000000bpBQAQ,0054X00000E5NyAQAV,2025-06-20T12:30:28.000+0000,tbhf9504_elgd_prod_finn
1dsbJ0000000c0TQAQ,0055e000007Dr0sAAC,2025-06-20T14:28:06.000+0000,tbhf9466_club_bene_v2
1dsbJ0000000cA9QAI,005bJ00000IOgoiQAD,2025-06-24T19:36:33.000+0000,TBHF9489_MAIS_VANT_PSNA_BENE_PJUR
1dsbJ0000000cBlQAI,0054X00000F4WNZQA3,2025-06-25T13:55:21.000+0000,TBHF9498_CTRL_GAST_AWAR
1dsbJ0000000cEzQAI,0054X00000ElqG1QAJ,2025-06-26T19:31:35.000+0000,pre_aprovado_teste
1dsbJ0000000cIDQAY,005bJ00000IOgoiQAD,2025-06-30T13:47:12.000+0000,TBHF9505_BASE_DIGZ_REDE
1dsbJ0000000cOfQAI,005bJ00000FHkQxQAL,2025-07-01T12:53:27.000+0000,TBHF9506_INFO_ATOR_DAT_CLOD_PJUR
1dsbJ0000000cQHQAY,0054X00000FNxRHQA1,2025-07-01T18:58:18.000+0000,TBHF9459_BOLE_VNCD
1dsbJ0000000cWjQAI,0054X00000ElqG1QAJ,2025-07-02T17:30:01.000+0000,tbhf9249_ccre_cccr_v3
1dsbJ0000000cYLQAY,005bJ00000IBkQNQA1,2025-07-02T21:14:02.000+0000,DS_MC_RENEG_DE_PARA_CPRODLIM
1dsbJ0000000cZxQAI,005bJ00000IBkQNQA1,2025-07-02T21:21:49.000+0000,DS_MC_Reneg_expurgo
1dsbJ0000000cbZQAQ,005bJ00000IBkQNQA1,2025-07-02T21:46:21.000+0000,DS_MC_Gestao_Crise_Reneg
1dsbJ0000000clFQAQ,0054X00000F4WNZQA3,2025-07-03T18:48:10.000+0000,TBHF9511_UTIZ_PROD_FINN
1dsbJ0000000cmrQAA,005bJ0000096jzrQAA,2025-07-04T12:25:19.000+0000,TBHF9507_IND_NAO_ACEE_CANA_PUSH
1dsbJ0000000coTQAQ,005bJ00000IOgoiQAD,2025-07-04T15:35:56.000+0000,TBHF9503_PRTE_TABE_ABTA_PJUR
1dsbJ0000000crhQAA,0055e000007CP62AAG,2025-07-10T18:09:58.000+0000,TBHF9496_ANEC_VSAO_MENO_IDAD
1dsbJ0000000ctJQAQ,0055e000007CP62AAG,2025-07-10T18:25:51.000+0000,TBHF9510_ANEC_VSAO_RSPL_LEGA
1dsbJ0000000cwXQAQ,0054X00000F4WNZQA3,2025-07-11T11:50:26.000+0000,TBHF9514_OFRT_CRTO_PAPR
1dsbJ0000000d2zQAA,005bJ00000IOgoiQAD,2025-07-14T12:47:00.000+0000,TBHF9508_BASE_BOLC_PJUR
1dsbJ0000000d4bQAA,0054X00000Elq5hQAB,2025-07-14T12:56:49.000+0000,tbhf9491_cmnc_rsgt_disi_cpit
1dsbJ0000000d7pQAA,005bJ0000096jzrQAA,2025-07-16T14:05:07.000+0000,TBHF9513_ADQC_PACO_SPI
1dsbJ0000000d9RQAQ,0054X00000F4WNZQA3,2025-07-17T16:31:21.000+0000,TBHF9515_OFRT_MIGR_PRSE
1dsbJ0000000dCfQAI,0055e000007Dr0sAAC,2025-07-18T12:40:18.000+0000,TBHF9513_ADQC_PACO_SPI_v2
1dsbJ0000000dEHQAY,0055e000000Yt6cAAC,2025-07-18T19:00:42.000+0000,ProvisionedFeatureStream
1dsbJ0000000dJ7QAI,005bJ00000BB7kfQAD,2025-07-21T14:50:27.000+0000,tbhf9490_clie_prod_papr
1dsbJ0000000dKjQAI,0054X00000FO7XoQAL,2025-07-21T19:52:04.000+0000,Pr-aprovado Econsignado
1dsbJ0000000dZFQAY,0055e000007CP62AAG,2025-07-24T16:19:28.000+0000,tbhf9529_ccla_camb
1dsbJ0000000dcTQAQ,005bJ00000FHkQxQAL,2025-07-24T17:54:13.000+0000,TBHF9519_ALUG_LARA_NAO_DMDO_PJUR
1dsbJ0000000dfhQAA,0054X00000FNxRHQA1,2025-07-24T18:11:02.000+0000,TBHF9517_CADA_GLCO_BMTA
1dsbJ0000000dqzQAA,0054X00000FO7XoQAL,2025-07-28T13:37:44.000+0000,tbhf9520_dgtl_rgua_cnfg
1dsbJ0000000dxRQAQ,005bJ00000IOgoiQAD,2025-07-28T16:40:04.000+0000,TBHF9524_ISEN_ALUG_LARANJINHA_FATM_PJUR
1dsbJ0000000e3tQAA,005bJ00000IOgoiQAD,2025-07-29T13:41:58.000+0000,TBHF9502_BASE_LEADS_PJUR
1dsbJ0000000e5VQAQ,005bJ00000IOgoiQAD,2025-07-29T18:56:33.000+0000,TBHF9509_NOVOS_DADOS_OPC
1dsbJ0000000e8jQAA,005bJ0000096jzrQAA,2025-08-01T17:52:16.000+0000,TBHF9530_MNHS_NIVE_PASO
1dsbJ0000000eALQAY,0054X00000F4WNZQA3,2025-08-01T17:53:45.000+0000,TBHF9521_ALOC_PCM_CSLR_SEGU
1dsbJ0000000eBxQAI,0054X00000Elq5hQAB,2025-08-04T17:43:29.000+0000,tbhf9536_dat_emiss_pix
1dsbJ0000000eDZQAY,0054X00000E5NyAQAV,2025-08-06T13:28:43.000+0000,TBHF9538_MODE_PRPS_PROD_FINN
1dsbJ0000000eThQAI,005bJ00000FHkQxQAL,2025-08-07T18:50:37.000+0000,TBHF9526_MRCC_CLSR_ANTE_PJUR
1dsbJ0000000eblQAA,0055e000007DT0vAAG,2025-08-08T15:21:53.000+0000,TBHF9249_CCRE_CCCR_PERF
1dsbJ0000000egbQAA,0054X00000ElqG1QAJ,2025-08-08T21:41:56.000+0000,TBHF9413_MODE_INFO_EGAO_GLOB_PFIS_VIGN
1dsbJ0000000eiDQAQ,0054X00000FO8r1QAD,2025-08-11T12:38:35.000+0000,tb_sfdc_giro_contrat_atac-tb_sfdc_giro_contrat_atac
1dsbJ0000000ev7QAA,0054X00000FNxRHQA1,2025-08-11T17:08:15.000+0000,TBHF9534_GAST_TRCL_CTZG
1dsbJ0000000f3BQAQ,0054X00000Elq5hQAB,2025-08-12T13:46:29.000+0000,tbhf9532_vlr_adic_papr_prpc
1dsbJ0000000f4nQAA,005bJ00000BB7kfQAD,2025-08-12T14:33:39.000+0000,tbhf9537_icarr_jorn_email_cvrs
1dsbJ0000000f6PQAQ,0054X00000F4WNZQA3,2025-08-13T13:36:13.000+0000,TBHF9523_TRSF_BECS
1dsbJ0000000f9dQAA,005bJ00000FHkQxQAL,2025-08-15T18:41:11.000+0000,TBHF9533_HERMES_EMPS_PJUR
1dsbJ0000000fBFQAY,005bJ0000096jzrQAA,2025-08-15T18:47:06.000+0000,TBHF9542_ISEN_CRIT_SAID
1dsbJ0000000fCrQAI,0054X00000F4WNZQA3,2025-08-18T18:03:10.000+0000,TBHF9543_TMBO_FATU
1dsbJ0000000fKvQAI,0054X00000FO7XoQAL,2025-08-19T18:26:20.000+0000,tbhf9376_intr_asst_limi
1dsbJ0000000fMXQAY,0054X00000Elq5hQAB,2025-08-20T19:26:58.000+0000,tbhf9550_dat_emiss_pix
1dsbJ0000000fO9QAI,005bJ00000KtT9DQAV,2025-08-20T20:24:39.000+0000,tbhf9549_itrc_dspr_pcm
1dsbJ0000000fPlQAI,0055e000007CP62AAG,2025-08-21T17:28:32.000+0000,TBHF9531_PARN_COPU_FATU
1dsbJ0000000fSzQAI,0054X00000FO2dSQAT,2025-08-22T18:38:27.000+0000,TBHF9546_MULO_CTTO_COBR_PJUR
1dsbJ0000000fb3QAA,0054X00000F4WNZQA3,2025-08-27T10:57:05.000+0000,TBHF9552_MINM_EXIS
1dsbJ0000000fcfQAA,0055e000007CP62AAG,2025-08-27T12:51:42.000+0000,TBHF9544_BASE_UNIC_SGTO_SEGU
1dsbJ0000000feHQAQ,0055e000007C15sAAC,2025-08-28T18:10:43.000+0000,tbhf9556_pose_ccre
1dsbJ0000000fhVQAQ,0054X00000F4WNZQA3,2025-08-29T11:56:46.000+0000,TBHF9554_PIX_AWAR
1dsbJ0000000fkjQAA,0054X00000FNxRHQA1,2025-08-29T18:23:09.000+0000,TBHF9528_LBTE_PGTO_VEIC
1dsbJ0000000fpZQAQ,005bJ00000FHkQxQAL,2025-09-01T15:10:47.000+0000,TBHF9551_INGO_BASE_USI_PJ_PF_PJUR
1dsbJ0000000fw1QAA,0054X00000FO2dSQAT,2025-09-01T23:41:26.000+0000,TBHF9555_CADA_SCIO_PJUR
1dsbJ0000000fxdQAA,005bJ0000096jzrQAA,2025-09-02T14:34:23.000+0000,TBHF9535_ANEC_CSGD
